Rank,Title,Year,Predicted_Rating,Recommendation_Score,Keywords_From_CSV,Female_Critiques_From_CSV,Hours_Themes_Alignment_From_CSV,Awards_From_CSV,Narrative_Type_From_CSV,Director,Rated,Content_Warnings,Released,Runtime,Runtime_mins,Genre,Primary_Genre,Secondary_Genre,IMDb_Rating,imdbRating,imdbVotes,Metascore,Has_Oscar,Award_Count,Awards,Writer,Actors,Plot,Language,Country,imdbID,Type,DVD,BoxOffice,Production,Mood_Tags,Pacing,Style_Tags,Themes,Lead_Gender,Narrative_Structure,Ending_Type,Character_Arcs,Is_Adaptation,Budget_Level,Special_Effects,Filming_Location_Diversity,Has_LGBT,Has_Cinematography,Has_Screenplay,Has_Plot_Twist,Genre_Count,Is_Drama,Is_Comedy,Is_Crime,Is_History,Is_Romance,Is_Action,Is_Adventure,Is_Sci_Fi
1,92 Legendary La Rose Noire,1992,7.396,0.552,,,,,,Jeffrey Lau,N/A,N/A,02 Jul 1992,100 min,100,"Action, Comedy, Musical",Action,Comedy,6.6,6.6,450,0.0,0.0,2.0,2 wins & 7 nominations,Jeffrey Lau,"Maggie Siu, Tony Ka Fai Leung, Wan-Si Wong","The film is about a movie hero of the 60s called Black Rose, but she was actually real, and a woman in the 90s is mistaken for her because she's in the wrong place at the wrong time and somebody is doing crimes as Black Rose, who isn't the real Black Rose",Cantonese,Hong Kong,tt0103602,movie,N/A,N/A,N/A,"exciting, funny",fast,conventional,general,female,linear,neutral,minimal,original,low,practical_effects,low,0,0,0,0,0,0.0,1.0,0.0,0.0,0.0,1.0,0.0,0.0
2,A Better Tomorrow,1986,8.136,0.635,,,,,,John Woo,Not Rated,Not Rated,08 Jul 2025,95 min,95,"Action, Crime, Drama",Action,Crime,7.4,7.4,27455,78.0,0.0,2.0,6 wins & 14 nominations total,"Hing-Ka Chan, Suk-Wah Leung, John Woo","Lung Ti, Leslie Cheung, Chow Yun-Fat","This story is the tale of two brothers: one a successful counterfeiter and the younger a fledgling graduate of the HK police academy. The plot revolves around the split when the younger brother learns the other is a criminal and the efforts of the criminal brother to reform. Along the way are plenty of heists, double-crosses, and shoot outs.","Cantonese, Mandarin, English",Hong Kong,tt0092263,movie,N/A,N/A,N/A,"dark, exciting, uplifting, emotional",fast,intimate,general,unknown,linear,happy,growth,original,low,practical_effects,low,0,0,0,0,0,1.0,0.0,1.0,0.0,0.0,1.0,0.0,0.0
3,A Chinese Ghost Story,1987,7.451,0.569,,,,,,Siu-Tung Ching,Unrated,Unrated,18 Jul 1987,98 min,98,"Action, Fantasy, Horror",Action,Fantasy,7.3,7.3,11916,0.0,0.0,2.0,12 wins & 15 nominations total,"Songling Pu, Kai-Chi Yuen","Leslie Cheung, Joey Wang, Wu Ma","Ning Tsai-Shen, a humble tax collector, arrives in a small town to carry out his work. Unsurprisingly, no-one is willing to give him shelter for the night, so he ends up spending the night in the haunted Lan Ro temple. There, he meets Taoist Swordsman Yen Che-Hsia, who warns him to stay out of trouble, and the beautiful Nieh Hsiao-Tsing, with whom he falls in love. Unfortunately, Hsiao-Tsing is a ghost, bound for all eternity by a hideous tree spirit with an incredibly long tongue that wraps itself round its victims and sucks out their life essence (or 'yang element')...",Cantonese,Hong Kong,tt0093978,movie,N/A,N/A,N/A,"suspenseful, exciting",fast,surreal,love,male,linear,neutral,minimal,original,low,practical_effects,low,0,0,0,0,0,0.0,0.0,0.0,0.0,0.0,1.0,0.0,0.0
4,A Chinese Odyssey: Part One - Pandora's Box,1995,7.462,0.573,,,,,,Jeffrey Lau,N/A,N/A,21 Jan 1995,87 min,87,"Action, Adventure, Comedy",Action,Adventure,7.5,7.5,9189,0.0,0.0,2.0,3 wins & 1 nomination total,"Jeffrey Lau, Cheng'en Wu","Stephen Chow, Man-Tat Ng, Kar-Ying Law","Fantasy adventure about the arrival of Buddhism in China. When the Goddess of Happiness tosses the Longevity Monk and his disciples out of heaven (because the Monkey King tried to attain immortality), the Monkey King is reincarnated as the Joker. He now spends his time chasing two jealous women. When one of them is dying, the Joker goes back in time in an attempt to save her.",Cantonese,"Hong Kong, China",tt0112778,movie,N/A,N/A,N/A,"exciting, funny",fast,conventional,general,male,surreal,neutral,minimal,original,low,practical_effects,medium,0,0,0,0,0,0.0,1.0,0.0,0.0,0.0,1.0,1.0,0.0
5,A City of Sadness,1989,8.275,0.674,,,,,,Hsiao-Hsien Hou,N/A,N/A,21 Oct 1989,157 min,157,"Comedy, Drama, History",Comedy,Drama,7.8,7.8,6631,0.0,0.0,2.0,8 wins & 6 nominations total,"T'ien-wen Chu, Nien-Jen Wu","Tony Leung Chiu-wai, Shu-Fen Hsin, Sung-Young Chen","The story of a family embroiled in the ""White Terror"" that was wrought on the Taiwanese people by the Kuomintang government after their arrival from mainland China in the late 1940s.","Mandarin, Min Nan, Japanese, Cantonese, Shanghainese",Taiwan,tt0096908,movie,N/A,N/A,N/A,"funny, emotional",epic,intimate,family,unknown,linear,neutral,minimal,original,low,minimal,low,0,0,0,0,0,1.0,1.0,0.0,1.0,0.0,0.0,0.0,0.0
6,A Time to Live and a Time to Die,1985,8.202,0.64,,,,,,Hsiao-Hsien Hou,Not Rated,Not Rated,N/A,138 min,138,"Biography, Drama",Biography,Drama,7.5,7.5,3772,0.0,0.0,2.0,8 wins & 5 nominations total,"T'ien-wen Chu, Hsiao-Hsien Hou","Yu An-Shun, Chia-bao Chang, Neng Chang","This depiction of childhood and adolescence draws heavily from the filmmaker's own boyhood. Like many of their compatriots, Hou's family moved from the mainland to Taiwan in 1948 and was unable ever to return. The film focuses on the widening generation gap in a family cut off from its cultural heritage.","Mandarin, Hakka, Min Nan",Taiwan,tt0090185,movie,N/A,N/A,N/A,emotional,slow,intimate,family,unknown,linear,neutral,minimal,original,low,minimal,low,0,0,0,0,0,1.0,0.0,0.0,0.0,0.0,0.0,0.0,0.0
7,A Touch of Zen,1971,8.146,0.637,,,,,,King Hu,Not Rated,Not Rated,18 Nov 1971,200 min,200,"Action, Adventure, Drama",Action,Adventure,7.5,7.5,7822,0.0,0.0,2.0,2 wins & 1 nomination total,"Songling Pu, King Hu","Feng Hsu, Chun Shih, Ying Bai","An artist, Ku, lives with his mother near an abandoned fort, reputed to be haunted. One night, investigating strange noises, he meets the beautiful Yang who is living there. She is being pursued by agents of an Imperial noble who have murdered her family. Ku finds himself caught up in her struggle to survive, and many fierce battles take place before all is resolved. Action adventure with a lyrical feel, this is a kung fu film with a strong spiritual element.",Mandarin,"Taiwan, Hong Kong",tt0064451,movie,N/A,N/A,N/A,"dark, exciting, emotional",epic,intimate,"family, survival",ensemble,linear,neutral,minimal,original,low,practical_effects,medium,0,0,0,0,0,1.0,0.0,0.0,0.0,0.0,1.0,1.0,0.0
8,Ah Ying,1983,7.853,0.611,,,,,,Allen Fong,N/A,N/A,25 Nov 1983,110 min,110,Drama,Drama,Unknown,6.9,6.9,164,0.0,0.0,2.0,5 wins & 8 nominations,"Yeung-Ping Sze, Peter Wang","Kwok-Lam Cha, Chi-Hung Chang, Ming-Cheung Chin","When romance starts to cool, Ah Ying applies for a job in a film centre. Instead of paying her for her work, the centre lets her attend its classes for free. She is later drawn into a relationship with her teacher. Based on the life of its leading actress, Hui So Ying, and using non-professionals, the film is a realistic portrayal of contemporary Hong Kong life.","Mandarin, Cantonese, English",Hong Kong,tt0085144,movie,N/A,N/A,N/A,emotional,medium,intimate,love,female,linear,neutral,minimal,based_on,low,minimal,low,0,0,0,0,0,1.0,0.0,0.0,0.0,0.0,0.0,0.0,0.0
9,An Autumn's Tale,1987,8.14,0.637,,,,,,Mabel Cheung,N/A,N/A,16 Jul 1987,98 min,98,"Drama, Romance",Drama,Romance,7.5,7.5,2588,0.0,0.0,2.0,4 wins & 9 nominations total,"Alex Law, Chi-Yeuh Low","Chow Yun-Fat, Cherie Chung, Danny Bak-Keung Chan","Filmed in New York, story of naive young woman from Hong Kong who goes to New York to study. Street-wise cabbie cousin takes care of her in the big city.","Cantonese, English, Japanese",Hong Kong,tt0093426,movie,N/A,N/A,N/A,emotional,medium,intimate,general,female,linear,neutral,minimal,original,low,minimal,low,0,0,0,0,0,1.0,0.0,0.0,0.0,1.0,0.0,0.0,0.0
10,As Tears Go By,1988,7.757,0.608,,,,,,Wong Kar-Wai,Not Rated,Not Rated,02 May 2008,102 min,102,"Crime, Drama, Romance",Crime,Drama,7.0,7.0,13703,67.0,0.0,2.0,2 wins & 10 nominations total,"Wong Kar-Wai, Jeffrey Lau","Andy Lau, Maggie Cheung, Jacky Cheung","A low-level triad ""big brother"" has a hot-tempered ""little brother"" who can't keep out of trouble, and consequently is in constant need of being bailed out by his protector. The ""big brother"" is super cool, but lacks the ambition to rise in the ranks of the triad societies - and once he meets his cousin from Kowloon and falls in love with her, he even thinks about leaving ""the life"".",Cantonese,Hong Kong,tt0096461,movie,N/A,"$9,436",N/A,"dark, emotional",medium,intimate,love,male,linear,neutral,minimal,original,low,minimal,low,0,0,0,0,0,1.0,0.0,1.0,0.0,1.0,0.0,0.0,0.0
11,Ashes of Time,1994,7.731,0.607,,,,,,Wong Kar-Wai,R,R,17 Sep 1994,100 min,100,"Action, Drama",Action,Drama,7.0,7.0,17914,69.0,0.0,2.0,9 wins & 13 nominations total,"Louis Cha, Wong Kar-Wai","Brigitte Lin, Maggie Cheung, Leslie Cheung","Ou-yang Feng lives in the middle of a desert, where he acts as a middle man to various swordsmen in ancient China. One of those swordsmen is Huang Yao-shi, who has found some magic wine that causes one to forget the past. At another time, Huang met Mu-rong Yin and under the influence of drink, promised to marry Mu-rong's sister Mu-rong Yang. Huang jilts her, and Mu-rong Yin hires Ou-yang to kill Huang. But then Mu-rong Yang hires Ou-yang to protect Huang. This is awkward, because Mu-rong Yang and Mu-rong Yin are in reality the same person. Other unrelated plot lines careen about. Among them is Ou-yang's continuing efforts to destroy a band of horse thieves. Oy-yang recruits another swordsman, a man who is going blind and wants to get home to see his wife before his sight goes completely. The swordsman is killed. Ou-yang then meets another swordsman who doesn't like wearing shoes. Oy-yang sends this man after the horse thieves, with better results. We then find out what a man must give up to follow the martial path.","Mandarin, Cantonese","Hong Kong, Taiwan, China, Japan",tt0109688,movie,N/A,"$174,273",N/A,"exciting, emotional",fast,intimate,general,male,linear,neutral,minimal,original,low,practical_effects,high,0,0,0,0,0,1.0,0.0,0.0,0.0,0.0,1.0,0.0,0.0
12,Beautiful Duckling,1965,5.33,0.316,,,,,,Hsing Lee,N/A,,1965-05-20,0 min,0,,,,0.0,0.0,0,,,,,,,,,,tt1345532,movie,,,,,,,,,,,,,,,,0,0,0,0,0,0.0,0.0,0.0,0.0,0.0,0.0,0.0,
13,Blind Shaft,2003,8.095,0.635,,,,,,Yang Li,Unrated,Unrated,10 Nov 2005,92 min,92,"Crime, Drama",Crime,Drama,7.5,7.5,3031,78.0,0.0,2.0,16 wins & 7 nominations total,"Yang Li, Liu Qingbang","Yixiang Li, Baoqiang Wang, Shuangbao Wang","Two Chinese coal miners have hit upon the perfect scam: murder one of their fellow mine workers, make the death look like an accident, and extort money from the boss to keep the incident hushed up. For their latest ""mark,"" they choose a naive teenager from a small village, and as they prepare to carry out their newest plan, things start to get complicated...",Mandarin,"Hong Kong, Germany",tt0351299,movie,N/A,"$33,272",N/A,"dark, emotional",medium,intimate,coming-of-age,unknown,linear,tragic,minimal,original,low,minimal,medium,0,0,0,0,0,1.0,0.0,1.0,0.0,0.0,0.0,0.0,0.0
14,Boat People,1982,8.242,0.644,,,,,,Ann Hui,R,R,13 Oct 1982,109 min,109,Drama,Drama,Unknown,7.6,7.6,1781,0.0,0.0,2.0,6 wins & 7 nominations total,"Cheung Gam Hung, Kang-Chien Chiu","George Lam, Cora Miao, Season Ma","A Japanese reporter arrives in Vietnam hoping to capture the essence the society under the rule of the Communist Party. With the help of a vietnamese girl, he eventually opens his eyes to the painful truth of postwar Vietnam.","Cantonese, Japanese, Vietnamese, English",Hong Kong,tt0084807,movie,N/A,N/A,N/A,emotional,medium,intimate,general,male,linear,neutral,minimal,original,low,minimal,low,0,0,0,0,0,1.0,0.0,0.0,0.0,0.0,0.0,0.0,0.0
15,"C'est la vie, mon chéri",1993,8.171,0.641,,,,,,Derek Tung-Sing Yee,Not Rated,Not Rated,11 Nov 1993,105 min,105,"Drama, Romance",Drama,Romance,7.6,7.6,961,0.0,0.0,2.0,6 wins & 12 nominations,Derek Tung-Sing Yee,"Ching Wan Lau, Anita Yuen, Carina Lau","A jazz musician (Lau Ching-Wan) who has problems in both his life and career breaks up with his girlfriend, and moves into a poor neighborhood. There, he meets a girl (Anita Yuen), who started being interested in him as of his saxophone skills. Their friendship turns into a romance, and he gets inspired to write songs again. However, Min discovers that she has an issue with her health-condition...","Cantonese, Mandarin, English",Hong Kong,tt0111770,movie,N/A,N/A,N/A,emotional,medium,intimate,"love, friendship",ensemble,linear,neutral,minimal,original,low,minimal,low,0,0,0,0,0,1.0,0.0,0.0,0.0,1.0,0.0,0.0,0.0
16,Cape No. 7,2008,7.854,0.613,,,,,,Te-Sheng Wei,N/A,N/A,22 Aug 2008,129 min,129,"Comedy, Drama, Music",Comedy,Drama,7.0,7.0,4521,0.0,0.0,2.0,11 wins & 9 nominations total,Te-Sheng Wei,"Van Fan, Chie Tanaka, Min-Hsiung","Aga, a band singer, returns to Hengchun with frustration. Tomoko is a Japanese model assigned to organize a local warm-up band for the Japanese superstar beach concert. Together with five more ordinary Hengchun residents who were not expected to be great at anything, they form an impossible band.","Mandarin, Min Nan, Hakka, Japanese, English","Taiwan, United States",tt1267160,movie,N/A,N/A,N/A,"funny, emotional",slow,intimate,general,unknown,linear,neutral,minimal,original,low,minimal,medium,0,0,0,0,0,1.0,1.0,0.0,0.0,0.0,0.0,0.0,0.0
17,Center Stage,1991,8.192,0.638,,,,,,Stanley Kwan,N/A,N/A,20 Feb 1992,126 min,126,"Biography, Drama, Romance",Biography,Drama,7.4,7.4,3014,0.0,0.0,2.0,12 wins & 14 nominations total,"Peggy Chiao, Kang-Chien Chiu","Maggie Cheung, Chin Han, Tony Ka Fai Leung","A film so delicate you can almost break it off in your hand, this is a stunning biography of Ruan Lingyu, China's first real movie star, a woman who lived a ""colorful"" life and was dead before she was 30. Director Stanley Kwan deftly mixes his narrative with actual film clips, re-creations of lost films, interviews with survivors, and his own conversations with his cast. The result is a kaleidoscope of emotion and tragedy. Maggie Cheung is nothing less than astonishing as Ruan, and she is ably supported by Tony Leung (of Anna's the lover).","Cantonese, Mandarin, English",Hong Kong,tt0102816,movie,N/A,N/A,N/A,"dark, emotional",slow,intimate,love,female,linear,tragic,minimal,biography,low,minimal,low,0,0,0,0,0,1.0,0.0,0.0,0.0,1.0,0.0,0.0,0.0
18,China Behind,1978,7.891,0.619,,,,,,Shu Shuen Tong,N/A,N/A,25 Jan 1978,110 min,110,Drama,Drama,Unknown,7.2,7.2,103,0.0,0.0,0.0,N/A,Shu Shuen Tong,"Chi-Lu Tseng, Hsiao-Ling Shaw, Pao-Hsien Feng",Four college students and a doctor try to escape the Cultural Revolution.,Mandarin,Hong Kong,tt0071314,movie,N/A,N/A,N/A,emotional,medium,intimate,general,unknown,linear,neutral,minimal,original,low,minimal,low,0,0,0,0,0,1.0,0.0,0.0,0.0,0.0,0.0,0.0,0.0
19,City of Life and Death,2009,8.07,0.661,,,,,,Chuan Lu,R,R,22 Apr 2009,133 min,133,"Drama, History, War",Drama,History,7.7,7.7,12159,85.0,0.0,2.0,17 wins & 15 nominations total,Chuan Lu,"Ye Liu, Wei Fan, Hideo Nakaizumi","In 1937, Japan occupied Nanjing, the Chinese capital. There was a battle and subsequent atrocities against the inhabitants, especially those who took refuge in the International Security Zone.","Mandarin, English, Japanese, German","China, Hong Kong",tt1124052,movie,N/A,"$122,558",N/A,emotional,slow,"epic, intimate",general,unknown,linear,neutral,minimal,original,low,minimal,medium,0,0,0,0,0,1.0,0.0,0.0,1.0,0.0,0.0,0.0,0.0
20,City on Fire,1987,7.798,0.612,,,,,,Ringo Lam,R,R,24 Jun 2025,101 min,101,"Action, Crime, Drama",Action,Crime,7.1,7.1,7902,0.0,0.0,2.0,2 wins & 9 nominations total,"Ringo Lam, Sai-Shing Shum","Chow Yun-Fat, Yueh Sun, Danny Lee","Ko Chow is about to resign from the police force when he is asked to take on one more case. He is to go undercover in a gang that is robbing jewellery stores. He accepts the task and successfully infiltrates the gang. It is a very dangerous mission, not just because the gang might discover his true identity but because many of the police suspect he may well be a criminal.","Cantonese, Mandarin, English",Hong Kong,tt0093435,movie,N/A,N/A,N/A,"dark, exciting, uplifting, emotional",fast,intimate,general,male,linear,happy,self-discovery,original,low,practical_effects,low,0,0,0,0,0,1.0,0.0,1.0,0.0,0.0,1.0,0.0,0.0
21,Cold Nights,1955,7.754,0.602,,,,,,Sun-Fung Lee,N/A,N/A,24 Mar 1955,136 min,136,Drama,Drama,Unknown,6.7,6.7,17,0.0,0.0,0.0,N/A,"Jin Ba, Sun-Fung Lee","Chi-Sing Chow, Yik-Mei Fung, Luquan Gao","Cold Nights features great performances by both Pak Yin as a tough minded ""new woman"", Shusheng, and Ng Cho-fan as her weak husband, Wang Wenxuan, whose spirits have been crushed by the Sino-Japanese war.",Cantonese,Hong Kong,tt0205113,movie,N/A,N/A,N/A,emotional,slow,intimate,general,female,linear,neutral,minimal,original,low,minimal,low,0,0,0,0,0,1.0,0.0,0.0,0.0,0.0,0.0,0.0,0.0
22,Crossroads,1937,7.698,0.599,,,,,,Xiling Shen,Not Rated,Not Rated,15 Apr 1937,110 min,110,"Comedy, Drama, Romance",Comedy,Drama,6.7,6.7,184,0.0,0.0,0.0,N/A,Xiling Shen,"Dan Zhao, Yang Bai, Ban Lü","Four students in Shanghai have recently finished university. All are unemployed. Xu contemplates suicide but his friend Zhao talks him out of it. Zhao lives in a shabby room with just a flimsy wall of planks separating him from the room behind. Miss Yang, in town to take a factory job, moves in behind. Her nails into the wall knock Zhao's photos down. The unseen neighbours start playing tit for tat... Zhao gets a job as proofreader at a newspaper. He sees that pretty girl on the tram to work every day. He doesn't know her, but it's Miss Yang... Zhao is assigned to cover labour conditions for the paper. He is sent to a factory, the one where Miss Yang works...",Mandarin,China,tt0195260,movie,N/A,N/A,N/A,"funny, emotional",fast,intimate,friendship,male,linear,neutral,minimal,original,low,minimal,low,0,0,0,0,0,1.0,1.0,0.0,0.0,1.0,0.0,0.0,0.0
23,"Crouching Tiger, Hidden Dragon",2000,8.285,0.652,,,,,,Ang Lee,PG-13,PG-13,12 Jan 2001,120 min,120,"Action, Adventure, Drama",Action,Adventure,7.9,7.9,290075,94.0,1.0,2.0,Won 4 Oscars. 101 wins & 132 nominations total,"Hui-Ling Wang, James Schamus, Kuo Jung Tsai","Chow Yun-Fat, Michelle Yeoh, Ziyi Zhang","In early nineteenth-century China, in the waning years of the Qing dynasty, the renowned swordsman who yearns for enlightenment, Li Mu Bai, decides to give up his legendary Green Destiny sword: the sharp four-hundred-year-old blade of heroes. To mark the end of a blood-stained career, Li entrusts the excellent female warrior, Yu Shu Lien, with the precious weapon to deliver it to Governor Yu; however, once there, an audacious and nimble masked thief manages to steal it. As Shu Lien is hot on the trail of the skilled burglar, unrequited loves; fervent passions; an unconquerable desire for freedom, and bitter loose ends stand in the way. Can Mu Bai shake off his violent past?","Mandarin, Chinese","China, Taiwan, Hong Kong, United States",tt0190332,movie,N/A,"$128,530,421",N/A,"exciting, emotional",fast,intimate,love,ensemble,linear,neutral,minimal,original,high,practical_effects,high,0,0,0,0,0,1.0,0.0,0.0,0.0,0.0,1.0,1.0,0.0
24,Crows and Sparrows,1949,7.807,0.614,,,,,,Junli Zheng,N/A,N/A,11 Jan 1949,113 min,113,Drama,Drama,Unknown,7.2,7.2,338,0.0,0.0,1.0,1 win,"Baichen Chen, Gu Liu, Fu Shen","Dan Zhao, Yinyan Wu, Daolin Sun",A story of a corrupt party official who attempts to sell an apartment building he has appropriated from the original owner and the struggles of the tenants to prevent themselves being thrown onto the street.,Mandarin,China,tt0042054,movie,N/A,N/A,N/A,emotional,medium,intimate,general,male,linear,neutral,minimal,original,low,minimal,low,0,0,0,0,0,1.0,0.0,0.0,0.0,0.0,0.0,0.0,0.0
25,Dangerous Encounters of the First Kind,1980,7.386,0.565,,,,,,Hark Tsui,N/A,N/A,04 Dec 1980,95 min,95,"Action, Crime, Thriller",Action,Crime,7.3,7.3,1146,0.0,0.0,0.0,N/A,"Cheuk-Hon Szeto, Hark Tsui","Lieh Lo, Chen-Chi Lin, Albert Au","Three lazybones friends manufacture a firebomb and place it in a cinema. Pearl, a sadistic young girl, has observed the scene, follows the bombers and starts to manipulate them. The four criminals plan more and more daring acts.","English, Cantonese",Hong Kong,tt0083199,movie,N/A,N/A,N/A,"dark, suspenseful, exciting",fast,conventional,friendship,unknown,linear,neutral,minimal,original,low,practical_effects,low,0,0,0,0,0,0.0,0.0,1.0,0.0,0.0,1.0,0.0,0.0
26,Days of Being Wild,1990,8.159,0.636,,,,,,Wong Kar-Wai,Not Rated,Not Rated,15 Dec 1990,94 min,94,"Crime, Drama, Romance",Crime,Drama,7.4,7.4,27586,93.0,0.0,2.0,17 wins & 9 nominations total,"Wong Kar-Wai, Jeffrey Lau","Leslie Cheung, Maggie Cheung, Andy Lau","Set in 1960, the film centres on the young, boyishly handsome Yuddy, who learns from the drunken ex-prostitute who raised him that she is not his real mother. Hoping to hold onto him, she refuses to divulge the name of his real birth mother. The revelation shakes Yuddy to his very core, unleashing a cascade of conflicting emotions. Two women have the bad luck to fall for Yuddy. One is a quiet lass named Su Lizhen who works at a sports arena, while the other is a glitzy showgirl named Mimi. Perhaps due to his unresolved Oedipal issues, he passively lets the two compete for him, unable or unwilling to make a choice. As Lizhen slowly confides her frustration to a cop named Tide, he falls for her. The same is true for Yuddy's friend Zeb, who falls for Mimi. Later, Yuddy learns of his birth mother's whereabouts and heads out to the Philippines.","Cantonese, Shanghainese, Tagalog, English, Mandarin",Hong Kong,tt0101258,movie,N/A,"$146,310",N/A,"dark, emotional",medium,intimate,friendship,ensemble,linear,neutral,growth,original,low,minimal,low,0,0,0,0,0,1.0,0.0,1.0,0.0,1.0,0.0,0.0,0.0
27,Dragon Inn,1967,7.646,0.58,,,,,,King Hu,Not Rated,Not Rated,21 Oct 1967,111 min,111,"Action, Adventure",Action,Adventure,7.4,7.4,3920,100.0,0.0,2.0,1 win & 1 nomination total,King Hu,"Polly Ling-Feng Shang-Kuan, Chun Shih, Ying Bai","The Eunuch of the Emperor has ordered the commander of his army condemned to death for betrayal and insurrection. The commander's family was was murdered to cut off his bloodline, but his two youngest, a son and a daughter, were expelled from the empire to the outlands in an attempt to draw out the commanders confidant and adviser. In order to complete the plan, the Eunuch sent his ultra-secret Black Arrow Troop to assassinate the two remaining children and the advisor. The ambush: to be carried out at the Inn Of Dragon's Gate at the border. The plans fail as journeymen of great swordsmanship turn up at the inn. From that point until the end of the flic many battles take place. This film is a masterpiece of martial arts swords-play and speaks the tune of ""The Swordsman"" and the ""Zatoichi"" films. A must see for fans of classic Asian cinema.",Mandarin,"Taiwan, Hong Kong",tt0060635,movie,N/A,N/A,N/A,"dark, exciting",fast,conventional,"family, betrayal",male,linear,tragic,minimal,original,low,practical_effects,medium,0,0,0,0,0,0.0,0.0,0.0,0.0,0.0,1.0,1.0,0.0
28,Drunken Master,1978,7.563,0.576,,,,,,Yuen Woo-Ping,PG-13,PG-13,05 Oct 1978,111 min,111,"Action, Comedy",Action,Comedy,7.4,7.4,46642,68.0,0.0,0.0,N/A,"Lung Hsiao, See-Yuen Ng","Jackie Chan, Siu-Tin Yuen, Jeong-lee Hwang","The father of Wong Fei-hong, who has been attempting to teach his son kung-fu, but has found him too disobedient to teach and decides to send him off to his uncle, a cruel and torturous master of the 8-Drunken Genii kung-fu. After much suffering the son comes back to rescue the father from an assassin.","Cantonese, Mandarin",Hong Kong,tt0080179,movie,N/A,N/A,N/A,"exciting, funny",fast,conventional,general,male,linear,neutral,minimal,original,low,practical_effects,low,0,0,0,0,0,0.0,1.0,0.0,0.0,0.0,1.0,0.0,0.0
29,Durian Durian,2000,7.879,0.616,,,,,,Fruit Chan,N/A,N/A,16 Nov 2000,116 min,116,Drama,Drama,Unknown,7.1,7.1,840,0.0,0.0,2.0,10 wins & 11 nominations total,"Fruit Chan, Wai-Keung Chan, Zhi Min Sheng","Hailu Qin, Wai-Fan Mak, Xiao Ming Biao",Hong Kong life from the perspective of a young northern mainland Chinese woman working as a prostitute in Hong Kong.,"Mandarin, Cantonese","Hong Kong, France, China",tt0255327,movie,N/A,N/A,N/A,emotional,medium,intimate,general,female,linear,neutral,minimal,original,low,minimal,high,0,0,0,0,0,1.0,0.0,0.0,0.0,0.0,0.0,0.0,0.0
30,Dust in the Wind,1986,8.234,0.644,,,,,,Hsiao-Hsien Hou,Not Rated,Not Rated,N/A,109 min,109,"Drama, Romance",Drama,Romance,7.6,7.6,3319,0.0,0.0,2.0,3 wins & 1 nomination,"T'ien-wen Chu, Nien-Jen Wu","Grace Chen, Shu-Fang Chen, Shu-Fen Hsin","A-yuan and A-yun are both from the small mining town of Jio-fen. In the city, A-yuan is an apprentice by day and goes to night school, and A-yun works as a helper at a tailors. Everyone thinks they are meant for each other, so do they. They fail to see time and fate are beyond their control.","Mandarin, Min Nan, Cantonese",Taiwan,tt0091406,movie,N/A,N/A,N/A,emotional,medium,intimate,general,unknown,linear,neutral,minimal,original,low,minimal,low,0,0,0,0,0,1.0,0.0,0.0,0.0,1.0,0.0,0.0,0.0
31,Execution in Autumn,1972,7.776,0.613,,,,,,Hsing Lee,N/A,N/A,14 Feb 1972,99 min,99,Drama,Drama,Unknown,7.2,7.2,316,0.0,0.0,1.0,5 wins total,Yung-Hsiang Chang,"Hui-Lou Chen, Shao-Ching Chou, Bi-Hui Fu","Peigang, his family's only son for three generations running, is to be executed on account of larceny, but not without the intervention of his grandmother.",Mandarin,Taiwan,tt1033618,movie,N/A,N/A,N/A,emotional,medium,intimate,family,male,linear,neutral,minimal,original,low,minimal,low,0,0,0,0,0,1.0,0.0,0.0,0.0,0.0,0.0,0.0,0.0
32,Father and Son,1981,7.849,0.614,,,,,,Allen Fong,N/A,N/A,24 Sep 1986,97 min,97,Drama,Drama,Unknown,7.1,7.1,125,0.0,0.0,1.0,2 wins,"Chui Chan, Alfred Cheung, Pik-Wah Lee","Lei Shih, Hong Zhu, Wai-Man Yung",A young man dreamed of a career in comics and movies. But his father would rather gave up all he had in order to let him receive formal education.,"Cantonese, Mandarin",Hong Kong,tt0082428,movie,N/A,N/A,N/A,emotional,medium,intimate,general,male,surreal,neutral,minimal,comic,low,minimal,low,0,0,0,0,0,1.0,0.0,0.0,0.0,0.0,0.0,0.0,0.0
33,Fist of Fury,1972,7.856,0.617,,,,,,Wei Lo,R,R,09 Sep 1972,107 min,107,"Action, Drama, Romance",Action,Drama,7.2,7.2,36236,68.0,0.0,2.0,2 wins & 1 nomination total,Wei Lo,"Bruce Lee, Nora Miao, James Tien","Returning to Shanghai to marry his fiancée, Chen Zhen (Bruce Lee) a student of renowned martial arts teacher Huo Yuanjia, discovers his sifu has died. During the funeral, members of a local Japanese dojo show up and insult the Chinese students. The bullying continues, with Chen fighting back, but when he discovers the truth - that his teacher was poisoned on the orders of the dojo's master - he sets off on a doomed mission of revenge.","Mandarin, Cantonese, English",Hong Kong,tt0068767,movie,29 Mar 2005,N/A,N/A,"dark, exciting, emotional",fast,intimate,revenge,male,linear,neutral,minimal,original,low,practical_effects,low,0,0,0,0,0,1.0,0.0,0.0,0.0,1.0,1.0,0.0,0.0
34,God of Gamblers,1989,7.433,0.566,,,,,,Jing Wong,R,R,14 Dec 1989,126 min,126,"Action, Adventure, Comedy",Action,Adventure,7.2,7.2,6937,0.0,0.0,1.0,1 nomination total,Jing Wong,"Chow Yun-Fat, Andy Lau, Joey Wang","Do San (the God of gamblers) is a legendary gambler helped by his supernatural abilities. He undertakes to help a friend pay a debt by beating his friend's advisory at the card table. Despite being assigned a bodyguard Do San has a freak accident which leaves him with partial memory loss and at a mental stage of a child. The small time hustler Knife, his side-kick and his girl friend, being responsible for the accident takes care of the retarded Do San. After some time they discover that he has not lost all of his powers and takes him on a round at the local gambling halls. After being chased by both Knife's loan-shark and enemies closer to the home of Do San, a final showdown at the card tables may take place.","Cantonese, English, Japanese","Hong Kong, Macao",tt0097244,movie,N/A,N/A,N/A,"exciting, funny",slow,conventional,"family, friendship",male,non-linear,tragic,minimal,original,low,practical_effects,medium,0,0,0,0,0,0.0,1.0,0.0,0.0,0.0,1.0,1.0,0.0
35,Growing Up,1983,7.874,0.62,,,,,,Kun-Hou Chen,N/A,N/A,01 Dec 1983,100 min,100,Drama,Drama,Unknown,7.3,7.3,424,0.0,0.0,2.0,3 wins & 2 nominations,"T'ien-wen Chu, Yah-Ming Ding, Hsiao-Hsien Hou","Chun-Fang Chang, Fu-Sheng Tsui, Doze Niu","The story follows a young man as he changes from an intelligently aware youth, to a teenager with much less confidence than he once had, and finally, to a stable adult.","Mandarin, Min Nan",Taiwan,tt0085695,movie,N/A,N/A,Central Motion Pictures,emotional,medium,intimate,coming-of-age,male,linear,neutral,redemption,original,low,minimal,low,0,0,0,0,0,1.0,0.0,0.0,0.0,0.0,0.0,0.0,0.0
36,Hao men ye yan,1959,6.704,0.505,,,,,,"Chi-Hung Law, Sun-Fung Lee, Tit Lee",N/A,N/A,15 Jul 1959,N/A,0,Comedy,Comedy,Unknown,6.0,6.0,8,0.0,0.0,0.0,N/A,N/A,"Wood-Yau Cheung, Ying Cheung, Wai-Lan Ko",N/A,Cantonese,Hong Kong,tt0205116,movie,N/A,N/A,N/A,funny,fast,conventional,general,unknown,linear,neutral,minimal,original,low,minimal,low,0,0,0,0,0,0.0,1.0,0.0,0.0,0.0,0.0,0.0,0.0
37,Health Warning,1983,6.641,0.486,,,,,,Kirk Wong,N/A,N/A,21 Oct 1983,78 min,78,"Action, Sci-Fi",Action,Sci-Fi,5.2,5.2,91,0.0,0.0,1.0,8 nominations,Wing Leung Liu,"Eddy Ko, Wai-keung Kwok, Chi-Hung Ling","Eddy Ko is the maverick star pupil of an honorable school who secretly engages in underground ""Black Boxing"" bouts, a black market sport off limits to the school.",Cantonese,Hong Kong,tt0084056,movie,N/A,N/A,N/A,exciting,fast,surreal,general,unknown,linear,neutral,minimal,original,low,practical_effects,low,0,0,0,0,0,0.0,0.0,0.0,0.0,0.0,1.0,0.0,1.0
38,Hibiscus Town,1987,8.196,0.678,,,,,,Jin Xie,N/A,N/A,10 Mar 1988,164 min,164,"Drama, History, Romance",Drama,History,8.2,8.2,1580,0.0,0.0,2.0,14 wins & 10 nominations total,"Cheng Ah, Hua Gu, Jin Xie","Wen Jiang, Linian Liu, Xiaoqing Liu","Love, humiliation, and politics play out in a distant village of China during the Cultural Revolution.",Mandarin,China,tt0087301,movie,N/A,N/A,N/A,emotional,epic,intimate,love,unknown,linear,neutral,minimal,original,low,minimal,low,0,0,0,0,0,1.0,0.0,0.0,1.0,1.0,0.0,0.0,0.0
39,Home Sweet Home,1970,5.33,0.316,,,,,,Ching-Jui Pai,N/A,,1970-02-05,0 min,0,,,,0.0,0.0,0,,,,,,,,,,tt0978620,movie,,,,,,,,,,,,,,,,0,0,0,0,0,0.0,0.0,0.0,0.0,0.0,0.0,0.0,
40,Homecoming,1984,7.829,0.615,,,,,,Ho Yim,N/A,N/A,08 Apr 1985,96 min,96,Drama,Drama,Unknown,7.2,7.2,193,0.0,0.0,2.0,5 wins & 6 nominations,Liang Kong,"Josephine Koo, Siqin Gaowa, Weixiang Xie","Coral, a Hong Kong woman tortured by city life, went back to her home town to visit her two old friends. They all found that some precious things in life which disappear through the years could never be recovered.","Mandarin, Cantonese","Hong Kong, China",tt0088126,movie,N/A,N/A,N/A,emotional,medium,intimate,friendship,female,linear,neutral,minimal,original,low,minimal,medium,0,0,0,0,0,1.0,0.0,0.0,0.0,0.0,0.0,0.0,0.0
41,Hong lou meng,1962,7.434,0.558,,,,,,Chiu-Feng Yuan,N/A,N/A,03 Aug 1962,107 min,107,Musical,Musical,Unknown,6.8,6.8,48,0.0,0.0,0.0,N/A,"Xueqin Cao, Fan Yi","Betty Loh Ti, Hung Chiang, Margaret Tu Chuan",N/A,Mandarin,Hong Kong,tt0452024,movie,N/A,N/A,N/A,neutral,medium,conventional,general,unknown,linear,neutral,minimal,original,low,minimal,low,0,0,0,0,0,0.0,0.0,0.0,0.0,0.0,0.0,0.0,0.0
42,In the Face of Demolition,1953,7.724,0.598,,,,,,Tit Lee,N/A,N/A,27 Nov 1953,130 min,130,Drama,Drama,Unknown,6.6,6.6,66,0.0,0.0,0.0,N/A,"Wan Chan, Dun Lo, Ganzhi Yu","Ying Cheung, Luquan Gao, Bruce Lee",N/A,Cantonese,Hong Kong,tt0193622,movie,N/A,N/A,N/A,emotional,slow,intimate,general,unknown,linear,neutral,minimal,original,low,minimal,low,0,0,0,0,0,1.0,0.0,0.0,0.0,0.0,0.0,0.0,0.0
43,In the Heat of the Sun,1994,8.146,0.649,,,,,,Wen Jiang,N/A,N/A,21 Aug 1995,134 min,134,"Drama, Romance",Drama,Romance,8.1,8.1,6027,0.0,0.0,2.0,9 wins & 4 nominations total,"Wen Jiang, Shuo Wang","Yu Xia, Wei Chen, Shaobo Dai","MA Xiaojun, a teenager boy, enjoying 100% freedom, grew up brutally in Beijing in the special days of cultural revolution. With nothing to do in schools, he began to sneak into strangers' homes using a self-made key. One day, he opened a door, entering the house of MI Lan. Without any notice, Mi came back home early, making MA nowhere to hide but under the bed. He saw the well-shaped young girl changing and naturally, as a teenager boy, he fell into the puppy love. Without any agenda or expectation, he tried to court the girl... Time passed away, young boys and girls changed. When looking back at the days of puberty, it seems the Sun shined strongly everyday. And the heat of the sun, though far fading, can still be felt in the memories of the people of that generation. Long story short, it is a Chinese version of the sorrows of younger Werther.",Mandarin,"China, Hong Kong",tt0111786,movie,N/A,N/A,N/A,"uplifting, emotional",slow,intimate,"love, justice, coming-of-age",male,linear,neutral,redemption,original,low,minimal,medium,0,0,0,0,0,1.0,0.0,0.0,0.0,1.0,0.0,0.0,0.0
44,Infernal Affairs,2002,8.172,0.649,,,,,,"Wai Keung Lau, Alan Mak",R,R,12 Dec 2002,101 min,101,"Crime, Drama, Mystery",Crime,Drama,8.0,8.0,136002,75.0,0.0,2.0,24 wins & 26 nominations total,"Alan Mak, Felix Chong","Andy Lau, Tony Leung Chiu-wai, Anthony Chau-Sang Wong","Chan Wing Yan, a young police officer, has been sent undercover as a mole in the local mafia. Lau Kin Ming, a young mafia member, infiltrates the police force. Years later, their older counterparts, Chen Wing Yan and Inspector Lau Kin Ming, respectively, race against time to expose the mole within their midst.","Cantonese, English, Thai",Hong Kong,tt0338564,movie,N/A,"$169,659",N/A,"dark, suspenseful, emotional",medium,intimate,general,unknown,linear,neutral,minimal,original,low,minimal,low,0,0,0,0,0,1.0,0.0,1.0,0.0,0.0,0.0,0.0,0.0
45,Lao gong zhi ai qing,1922,7.126,0.534,,,,,,Shichuan Zhang,N/A,N/A,08 Mar 1922,30 min,30,"Short, Comedy, Romance",Short,Comedy,6.4,6.4,304,0.0,0.0,0.0,N/A,Zhengqiu Zheng,"Zhegu Zheng, Zhengqiu Zheng, Ying Yu","Cheng the fruit seller is in love with the daughter of his neighbor the doctor, but the good doctor won't let him marry her unless Chang finds him more patients. With some creative carpentering, Chang sets about augmenting the doctor's income.",None,China,tt0013807,movie,N/A,N/A,N/A,"funny, emotional",fast,intimate,love,ensemble,linear,neutral,minimal,original,low,minimal,low,0,0,0,0,0,0.0,1.0,0.0,0.0,1.0,0.0,0.0,0.0
46,Let the Bullets Fly,2010,7.945,0.623,,,,,,Wen Jiang,Not Rated,Not Rated,16 Dec 2010,132 min,132,"Action, Comedy, Drama",Action,Comedy,7.3,7.3,14087,66.0,0.0,2.0,30 wins & 38 nominations total,"Junli Guo, Wen Jiang, Bukong Li","Chow Yun-Fat, Wen Jiang, You Ge","Set in China during the warring 1920s, notorious bandit chief Zhang descends upon a remote provincial town posing as its new mayor, an identity that he had hijacked from Old Tang, himself a small-time imposter. Hell-bent on making a fast buck, Zhang soon meets his match in the tyrannical local gentry Huang as a deadly battle of wit and brutality ensues.","Mandarin, Chinese","China, Hong Kong",tt1533117,movie,N/A,"$63,012",N/A,"exciting, funny, emotional",slow,intimate,general,male,linear,neutral,self-discovery,original,low,CGI_heavy,medium,0,0,0,0,0,1.0,1.0,0.0,0.0,0.0,1.0,0.0,0.0
47,Life of a Beijing Policeman,1950,7.769,0.636,,,,,,Hui Shi,N/A,N/A,19 Apr 2013,120 min,120,"Drama, History",Drama,History,7.2,7.2,213,0.0,0.0,1.0,2 wins,"Lao-She, Liuqing Yang","Hui Shi, Heling Wei, Yang Shen","Fifty years of modern Chinese history (1900-1950), including wars, revolutions and corrupt politics, as seen through the life and times of a simple Beijing policeman and his family.",Mandarin,China,tt0043139,movie,N/A,N/A,N/A,emotional,medium,intimate,family,male,linear,neutral,minimal,original,low,minimal,low,0,0,0,0,0,1.0,0.0,0.0,1.0,0.0,0.0,0.0,0.0
48,Lin Zexu,1959,7.498,0.605,,,,,,"Fan Cen, Junli Zheng",N/A,N/A,25 Sep 1959,102 min,102,"Drama, History, War",Drama,History,6.3,6.3,126,0.0,0.0,0.0,N/A,Yuan Ye,"Dan Zhao, Zheng Gao, Nan Deng",The film accurately illustrates an important historical message: that China must not make the same mistakes again when dealing with Western imperialists.,Mandarin,China,tt0053010,movie,N/A,N/A,N/A,emotional,medium,"epic, intimate",general,unknown,linear,neutral,minimal,original,low,minimal,low,0,0,0,0,0,1.0,0.0,0.0,1.0,0.0,0.0,0.0,0.0
49,Long Arm of the Law,1984,7.809,0.612,,,,,,Johnny Mak,N/A,N/A,11 Jul 1984,105 min,105,"Action, Crime, Drama",Action,Crime,7.1,7.1,1125,0.0,0.0,2.0,4 wins & 11 nominations total,Philip Chan,"Jing Chen, Lung Chiang, Ling Chow","Four men sneak into Hong Kong to rob a jewelry store. Before the robbery, they're hired by a local triad to kill a man, who turns out to be a cop. They have to execute the heist while hiding from the police hunting them down.",Cantonese,Hong Kong,tt0088107,movie,N/A,N/A,N/A,"dark, exciting, emotional",fast,intimate,general,unknown,linear,neutral,minimal,original,low,practical_effects,low,0,0,0,0,0,1.0,0.0,1.0,0.0,0.0,1.0,0.0,0.0
50,Long Live the Missus!,1947,5.31,0.315,,,,,,Hu Sang,N/A,,1947,0 min,0,,,,0.0,0.0,0,,,,,,,,,,tt0477890,movie,,,,,,,,,,,,,,,,0,0,0,0,0,0.0,0.0,0.0,0.0,0.0,0.0,0.0,
51,"Lust, Caution",2007,8.01,0.654,,,,,,Ang Lee,NC-17,NC-17,26 Oct 2007,157 min,157,"Drama, History, Romance",Drama,History,7.5,7.5,47494,61.0,0.0,2.0,Nominated for 2 BAFTA 28 wins & 56 nominations total,"Eileen Chang, James Schamus, Hui-Ling Wang","Tony Leung Chiu-wai, Tang Wei, Joan Chen","Frustrated in his attempts to assassinate Yee, who is an important official in Japanese-ruled Shanghai, Old Wu, who has lost his wife and two sons as well as two women who had attempted to seduce Yee, now recruits Kuang, Mai Tai Tai, and their troupe of drama students from Hong Kong University in yet another attempt to do away with Yee. Mai Tai Tai is chosen to befriend Yee, which she does by posing as the wife of Mak, befriending Yee's wife and her female friends, and then eventually befriending Yee himself. Even though both get together, they do end up going separate ways, only to meet again four years later. This time Mai is all set to entrap Yee at Chandni Chowk Jewellers which is owned by an East Indian man named Khalid Saiduddin. The question does remain: Will she and her troupe succeed?","Mandarin, Japanese, English, Shanghainese, Hindi, Cantonese","Taiwan, United States, Hong Kong, China",tt0808357,movie,N/A,"$4,604,982",N/A,emotional,epic,intimate,friendship,female,linear,neutral,minimal,original,low,minimal,high,0,0,0,0,0,1.0,0.0,0.0,1.0,1.0,0.0,0.0,0.0
52,Made in Hong Kong,1997,8.156,0.638,,,,,,Fruit Chan,N/A,N/A,06 Mar 2020,109 min,109,"Comedy, Crime, Drama",Comedy,Crime,7.5,7.5,3303,0.0,0.0,2.0,15 wins & 9 nominations total,Fruit Chan,"Sam Lee, Neiky Hui-Chi Yim, Wenders Li","Autumn Moon (Sam Lee), a low-rent triad living in Hong Kong, struggles to find meaning in his hopelessly violent existence.",Cantonese,Hong Kong,tt0123328,movie,N/A,"$17,843",N/A,"thoughtful, dark, uplifting, funny, emotional",fast,intimate,general,male,linear,neutral,minimal,original,low,minimal,low,0,0,0,0,0,1.0,1.0,1.0,0.0,0.0,0.0,0.0,0.0
53,Mambo Girl,1957,7.343,0.567,,,,,,Wen Yi,N/A,N/A,06 Mar 1957,91 min,91,"Drama, Romance",Drama,Romance,6.0,6.0,120,0.0,0.0,1.0,1 nomination,Wen Yi,"Grace Chang, Peter Chen Hou, Chien-Fei Chang",A woman finds out that she's adopted and sets out to find her long-lost biological mother.,Mandarin,Hong Kong,tt0211498,movie,N/A,N/A,N/A,emotional,medium,intimate,general,female,linear,neutral,minimal,original,low,minimal,low,0,0,0,0,0,1.0,0.0,0.0,0.0,1.0,0.0,0.0,0.0
54,My Intimate Partner,1960,7.339,0.549,,,,,,Kim Chun,N/A,N/A,11 Aug 1960,101 min,101,Comedy,Comedy,Unknown,6.6,6.6,14,0.0,0.0,0.0,N/A,"Fok Shum, Kea Tso","Kim Chun, Yee Fok, Chung-Ping Geung",N/A,Cantonese,Hong Kong,tt0193350,movie,N/A,N/A,N/A,funny,fast,conventional,general,unknown,linear,neutral,minimal,original,low,minimal,low,0,0,0,0,0,0.0,1.0,0.0,0.0,0.0,0.0,0.0,0.0
55,New Year Sacrifice,1956,7.716,0.604,,,,,,Hu Sang,Not Rated,Not Rated,19 Oct 1956,100 min,100,Drama,Drama,Unknown,6.9,6.9,178,0.0,0.0,2.0,2 wins & 1 nomination,"Xun Lu, Yan Xia","Ran An, Yang Bai, An-an Cai","Before the Revolution of 1911, widow Aunt Xianglin heard that her mother-in-law would sell her. Therefore, she ran to the Lu town and worked as a servant in Lord Lu Si's house, but she made his wife happy because of her diligence. However, her mother-in-law found her and forced her to marry He Laoliu. He Laoliu was honest, tolerant and kind. In order to pay off the debt, he finally exhausted to death and his son was eaten by wolves. Thus, Aunt Xianglin returned to Lord Lu Si's house. She was afraid of being torn limb from limb by Hades, so she contributed her one-year earning to the temple housing the god of earth. When she offered her sacrifices excitedly on the blessing evening, members of Lu family scolded her and drove her out. As a result, she died at the snowy blessing night.",Mandarin,China,tt0049979,movie,N/A,N/A,N/A,"dark, emotional",medium,intimate,"family, justice",ensemble,linear,tragic,minimal,original,low,minimal,low,0,0,0,0,0,1.0,0.0,0.0,0.0,0.0,0.0,0.0,0.0
56,Nomad,1982,7.688,0.6,,,,,,"Patrick Tam, Terry Kay-Ming Tong",N/A,N/A,26 Nov 1982,96 min,96,"Drama, Romance, Thriller",Drama,Romance,6.8,6.8,546,0.0,0.0,1.0,9 nominations,"Kang-Chien Chiu, Joyce Chan, Eddie Ling-Ching Fong","Patricia Ha, Kent Tong, Cecilia Yip","Two young couples, from the wealthy and working class of Hong Kong, form and soon become inseparable. They start living an idle life, dreaming of traveling far away, when an ex-revolutionary friend in hiding arrives from Japan.","Cantonese, Japanese, Mandarin, English",Hong Kong,tt0084248,movie,N/A,N/A,N/A,"suspenseful, emotional",fast,intimate,friendship,unknown,surreal,neutral,minimal,original,low,minimal,low,0,0,0,0,0,1.0,0.0,0.0,0.0,1.0,0.0,0.0,0.0
57,Not One Less,1999,8.133,0.641,,,,,,Yimou Zhang,G,G,30 Oct 1999,106 min,106,Drama,Drama,Unknown,7.7,7.7,9463,73.0,0.0,2.0,17 wins & 10 nominations,Xiangsheng Shi,"Minzhi Wei, Huike Zhang, Zhenda Tian","In a remote mountain village, the teacher must leave for a month, and the mayor can find only a 13-year old girl, Wei Minzhi, to substitute. The teacher leaves one stick of chalk for each day and promises her an extra 10 yuan if there's not one less student when he returns. Within days, poverty forces the class troublemaker, Zhang Huike, to leave for the city to work. Minzhi, possessed of a stubborn streak, determines to bring him back. She enlists the 26 remaining pupils in earning money for her trip. She hitches to Jiangjiakou City and begins her search. The boy, meanwhile, is there, lost and begging for food. Minzhi's stubbornness may be Huike and the village school's salvation.",Mandarin,China,tt0209189,movie,N/A,"$592,586",N/A,emotional,medium,intimate,general,female,linear,neutral,minimal,original,low,minimal,low,0,0,0,0,0,1.0,0.0,0.0,0.0,0.0,0.0,0.0,0.0
58,Once Upon a Time in China,1991,7.491,0.569,,,,,,Hark Tsui,R,R,15 Aug 1991,134 min,134,Action,Action,Unknown,7.2,7.2,20849,0.0,0.0,2.0,5 wins & 4 nominations total,"Hark Tsui, Kai-Chi Yuen, Yiu-Ming Leung","Jet Li, Rosamund Kwan, Biao Yuen","Set in late 19th century Canton this martial arts film depicts the stance taken by the legendary martial arts hero Wong Fei-Hung (1847-1924) against foreign forces' (English, French and American) plundering of China. When Aunt Yee arrives back from America totally westernised, Wong Fei-Hung assumes the role of her protector. This proves to be difficult when his martial arts school and local militia become involved in fierce battles with foreign and local government. As violence escalates even Aunt Yee has to question her new western ideals, but is it possible to fight guns with Kung Fu?","Cantonese, English, French",Hong Kong,tt0103285,movie,N/A,N/A,N/A,exciting,slow,conventional,general,ensemble,linear,neutral,minimal,original,low,practical_effects,low,0,0,0,0,0,0.0,0.0,0.0,0.0,0.0,1.0,0.0,0.0
59,One-Armed Swordsman,1967,7.722,0.61,,,,,,Cheh Chang,R,R,26 Jul 1967,115 min,115,"Action, Drama",Action,Drama,7.2,7.2,3933,0.0,0.0,0.0,N/A,"Cheh Chang, Kuang Ni","Jimmy Wang Yu, Chiao Chiao, Chung-Hsin Huang","An evil gang attacks the Chi school of Golden Sword Kung Fu. One student sacrifices his life to save his teacher and his school, his dying wish is that his son be taken in as a student. Young Fang Kang grows up in the school and treasures his father's broken sword and the memory of his father's sacrifice. The other students (including the teacher's daughter) resent him and try to drive him away. The teacher's daughter challenges him to a fight and when he refuses she becomes enraged and recklessly chops off his arm! He retreats, broken and bloody, and is found by a young poor girl living alone who nurses him back to health. Meanwhile, the evil gang who originally attacked the Golden Sword school develops a weapon that renders the Golden Sword useless and starts killing off all of the schools students. Fang Kang eventually recovers with the girl's help but must now face a life with only one arm. Will he be able to recover and live to defend the school as his father did?",Mandarin,Hong Kong,tt0061597,movie,N/A,N/A,N/A,"exciting, emotional",fast,intimate,general,male,non-linear,neutral,growth,original,low,practical_effects,low,0,0,0,0,0,1.0,0.0,0.0,0.0,0.0,1.0,0.0,0.0
60,Oxhide,2005,7.901,0.615,,,,,,Jiayin Liu,Not Rated,Not Rated,31 May 2006,110 min,110,"Documentary, Drama",Documentary,Drama,7.0,7.0,277,0.0,0.0,1.0,6 wins,N/A,"Huifen Jia, Jiayin Liu, Zaiping Liu","Daily life in an impossibly cramped Beijing apartment takes on epic proportions in this, intimate portrait, with unprecedented access, of a working-class Chinese family. Boldly transforming documentary into fiction, Liu Jiayin cast her parents and herself as fictionalized versions of themselves. Her father, Liu Zaiping, sells leather bags but is slowly going bankrupt. He argues with his wife, Jia Huifen, and his daughter over methods to boost business in the shop. A cloud of anxiety follows them into sleepless nights shared in the same bed. But through the thousand daily travails of city life, a genuine and deeply moving picture of Chinese familial solidarity emerges from the screen. With virtually no budget and boundless ingenuity, Liu Jiayin's eye-opening debut, shot when she was 23 years old, consists of twenty-three static, one-scene shots within her family's fifty square meter home. Liu keeps her small DV camera in claustrophobic closeness to her subjects, often showing only parts of their bodies as their voices dominate the soundtrack.",Mandarin,China,tt0453795,movie,N/A,N/A,N/A,emotional,medium,intimate,family,ensemble,linear,neutral,minimal,original,low,minimal,low,0,0,0,0,0,1.0,0.0,0.0,0.0,0.0,0.0,0.0,0.0
61,Parents' Hearts,1955,7.832,0.614,,,,,,Kim Chun,N/A,N/A,21 Apr 1955,111 min,111,Drama,Drama,Unknown,7.1,7.1,18,0.0,0.0,0.0,N/A,Kim Chun,"Shizeng Ma, Man-Lei Wong, Jiasheng Lin",N/A,Cantonese,Hong Kong,tt0193179,movie,N/A,N/A,N/A,emotional,medium,intimate,general,unknown,linear,neutral,minimal,original,low,minimal,low,0,0,0,0,0,1.0,0.0,0.0,0.0,0.0,0.0,0.0,0.0
62,Pickpocket,1997,8.187,0.637,,,,,,Jia Zhang-ke,Unrated,Unrated,13 Jan 1999,110 min,110,Drama,Drama,Unknown,7.4,7.4,3696,0.0,0.0,2.0,7 wins & 1 nomination total,Jia Zhang-ke,"Hongwei Wang, Hongjian Hao, Baitao Zuo","Little pocket thief Wu never got away from the streets like his friends did. He realises that he is alone, as his old buddy doesn't invite him for his wedding. When he falls in love with a hooker he is forced to think about his future. Can he break with his criminal past?",Mandarin,"China, Hong Kong",tt0144020,movie,N/A,N/A,N/A,emotional,medium,intimate,"love, friendship",male,linear,neutral,minimal,original,low,minimal,medium,0,0,0,0,0,1.0,0.0,0.0,0.0,0.0,0.0,0.0,0.0
63,Platform,2000,7.864,0.643,,,,,,Jia Zhang-ke,N/A,N/A,29 Aug 2001,154 min,154,"Drama, History",Drama,History,7.3,7.3,3176,76.0,0.0,2.0,8 wins & 7 nominations,Jia Zhang-ke,"Hongwei Wang, Tao Zhao, Liang Jingdong","Set in Fenyang, Shanxi Province, the film focuses on a group of amateur theatre troupe performers whose fate mirrors that of the general population in China as massive socio-economic changes sweep across the mainland. The film commences in 1979 with the troupe performing numbers idolizing Mao Zedong, ending in the '80s when the shows reflect the strong Western influences pervading China, covering a decade in which China saw tremendous changes.","Mandarin, Shanxi","China, Hong Kong, Japan, France",tt0258885,movie,N/A,N/A,N/A,emotional,epic,intimate,general,unknown,linear,neutral,redemption,original,low,minimal,high,0,0,0,0,0,1.0,0.0,0.0,1.0,0.0,0.0,0.0,0.0
64,Po xiao shi fen,1968,7.808,0.61,,,,,,"Han Hsiang Li, Tsun-Shou Sung",N/A,N/A,17 Feb 1968,106 min,106,Drama,Drama,Unknown,7.0,7.0,41,0.0,0.0,0.0,N/A,Feng-Pan Yao,"Chun Yang, Hsiu-Fang Wu, Li-Ping Chao","A young guard witnesses the corruption of the system during his first night call in the tribunal. A series of dramatic stories told by each prisoner to the judge ensues in flashbacks. The young guard has some doubt of conscience on his new job, but an elder guard who is also his uncle reassures him it's just a matter of time. The guard back home at dawn forgetting every injustice he witnessed because his wife has just given birth to a baby.",Mandarin,Taiwan,tt0054191,movie,N/A,N/A,N/A,emotional,medium,intimate,justice,male,non-linear,neutral,minimal,original,low,minimal,low,0,0,0,0,0,1.0,0.0,0.0,0.0,0.0,0.0,0.0,0.0
65,Police Story,1985,7.445,0.572,,,,,,Jackie Chan,PG-13,PG-13,14 Dec 1985,100 min,100,"Action, Comedy, Crime",Action,Comedy,7.5,7.5,45372,78.0,0.0,2.0,2 wins & 5 nominations total,"Jackie Chan, Edward Tang","Jackie Chan, Maggie Cheung, Brigitte Lin","Kevin Chan (aka Jackie) is a Hong-Kong cop, who scores his first big hit by virtually single-handedly capturing and arresting a big drug- lord. Of course, the drug-lord isn't too happy about this, and frames Kevin with the murder of another cop (who happened to be on the take). Kevin has to clear his name, whilst keeping himself from getting killed or arrested, and keeping his girlfriend from leaving him.",Cantonese,Hong Kong,tt0089374,movie,N/A,"$113,164",N/A,"dark, exciting, funny",fast,conventional,friendship,male,linear,neutral,minimal,original,low,practical_effects,low,0,0,0,0,0,0.0,1.0,1.0,0.0,0.0,1.0,0.0,0.0
66,Raining in the Mountain,1979,7.813,0.617,,,,,,King Hu,N/A,N/A,11 Jul 1979,120 min,120,"Action, Adventure, Drama",Action,Adventure,7.3,7.3,1584,0.0,0.0,1.0,1 nomination total,King Hu,"Feng Hsu, Yueh Sun, Lin Tung","An esquire brings a female thief and his bailiff to search out a priceless handwritten scroll by Tripitaka, in a temple at the mountains. Meanwhile, a General and his lieutenant arrives for the same reason. Both of them are invited to help advise the ailing Abbot of his successor. The esquire and the General supports a different senior disciple.",Mandarin,"Taiwan, Hong Kong",tt0192213,movie,N/A,N/A,N/A,"exciting, uplifting, emotional",fast,intimate,general,ensemble,linear,happy,minimal,original,low,practical_effects,medium,0,0,0,0,0,1.0,0.0,0.0,0.0,0.0,1.0,1.0,0.0
67,Rebels of the Neon God,1992,8.168,0.638,,,,,,Tsai Ming-liang,Not Rated,Not Rated,04 Aug 1994,106 min,106,"Crime, Drama, Romance",Crime,Drama,7.5,7.5,5743,82.0,0.0,2.0,5 wins & 5 nominations,Tsai Ming-liang,"Wang Yu-wen, Chen Chao-jung, Kang-sheng Lee","Defying his parents, Hsiao Kang drops out of the local crammer to head for the bright lights of downtown Taipei. He falls in with Ah Tze, a pretty hood and their relationships is a confused mixture of hero-worship and rivalry that soon leads to trouble.","Mandarin, Min Nan",Taiwan,tt0103935,movie,N/A,"$28,791",N/A,"dark, emotional",medium,intimate,"family, love",male,linear,neutral,minimal,original,low,minimal,low,0,0,0,0,0,1.0,0.0,1.0,0.0,1.0,0.0,0.0,0.0
68,Red Sorghum,1988,7.871,0.644,,,,,,Yimou Zhang,Not Rated,Not Rated,01 Feb 1989,91 min,91,"Drama, History, Romance",Drama,History,7.3,7.3,10278,0.0,0.0,2.0,17 wins & 7 nominations total,"Jianyu Chen, Yan Mo, Wei Zhu","Gong Li, Wen Jiang, Rujun Teng",In 1930s China a young woman is sent by her father to marry the leprous owner of a winery. In the nearby red sorghum fields she falls for one of his servants. When the master dies she finds herself inheriting the isolated business.,"Mandarin, Japanese",China,tt0093206,movie,N/A,N/A,N/A,emotional,medium,intimate,general,female,linear,neutral,minimal,original,low,minimal,low,0,0,0,0,0,1.0,0.0,0.0,1.0,1.0,0.0,0.0,0.0
69,Rouge,1987,7.873,0.62,,,,,,Stanley Kwan,Not Rated,Not Rated,07 Jan 1988,93 min,93,"Drama, Fantasy, Music",Drama,Fantasy,7.3,7.3,3837,0.0,0.0,2.0,12 wins & 9 nominations total,"Pik-Wah Lee, Kang-Chien Chiu","Leslie Cheung, Anita Mui, Alex Man","Fleur is the blue angel in one of Hong Kong's ""flower houses"" - bordellos and night clubs of the 1930s. A detached and beautiful performer, she falls in love with Twelfth Master Chan, heir to a chain of pharmacies. They agree to a suicide pact. 50 years later, in modern Hong Kong, Fleur's ghost appears in Yuen's newspaper office, wanting to place an ad to find Chan, who never arrived in the afterlife. Yuen, and his equally bewildered girlfriend, An Chor, are captivated by Fleur and her story.",Cantonese,Hong Kong,tt0093258,movie,N/A,N/A,N/A,emotional,medium,"intimate, surreal","love, friendship",female,linear,neutral,minimal,original,low,practical_effects,low,0,0,0,0,0,1.0,0.0,0.0,0.0,0.0,0.0,0.0,0.0
70,Shanghai Blues,1984,7.531,0.567,,,,,,Hark Tsui,N/A,N/A,11 Oct 1984,103 min,103,"Comedy, Romance",Comedy,Romance,7.0,7.0,919,70.0,0.0,2.0,1 win & 9 nominations total,"Koon-Chung Chan, Cheuk-Hon Szeto, Raymond To","Kenny Bee, Sylvia Chang, Sally Yeh","In 1937 Shanghai, a soon-to-depart soldier meets a young woman under a bridge during a Japanese air raid. They vow to meet after the war ends, but they don't each other's name or face. Ten years later, the young woman, a nightclub singer, takes in a naive girl fresh from the country. The country girl falls in love with the would-be song-writer upstairs who, unbeknownst to the singer, is none other than the soldier from the bridge.",Cantonese,Hong Kong,tt0088097,movie,N/A,"$13,377",N/A,"funny, emotional",fast,intimate,love,female,linear,neutral,minimal,original,low,minimal,low,0,0,0,0,0,0.0,1.0,0.0,0.0,1.0,0.0,0.0,0.0
71,Shaolin Soccer,2001,7.376,0.565,,,,,,Stephen Chow,PG-13,PG-13,05 Jul 2001,87 min,87,"Action, Comedy, Fantasy",Action,Comedy,7.3,7.3,94426,68.0,0.0,2.0,12 wins & 19 nominations total,"Stephen Chow, Kan-Cheung Tsang, Min-Hun Fung","Stephen Chow, Wei Zhao, Yat-Fei Wong","After a fateful mistake costing his career, an ex-soccer player bum meets a shaolin kung fu student trying to spread the word of kung fu. The ex-soccer player helps reconcile with his five brothers, and teaches them soccer, adding shaolin kung fu as a twist.","Cantonese, Mandarin","Hong Kong, China",tt0286112,movie,N/A,"$489,600",N/A,"exciting, funny",fast,surreal,general,male,linear,neutral,minimal,original,low,CGI_heavy,medium,0,0,0,0,0,0.0,1.0,0.0,0.0,0.0,1.0,0.0,0.0
72,Song at Midnight,1937,6.966,0.52,,,,,,Weibang Ma-Xu,Not Rated,Not Rated,25 Mar 1937,124 min,124,"Horror, Romance",Horror,Romance,6.1,6.1,986,0.0,0.0,0.0,N/A,"Gaston Leroux, Weibang Ma-Xu","Menghe Gu, Ping Hu, Shan Jin","China's first horror film, this is loosely based on The Phantom of the Opera. A disfigured musical genius roams a traditional Chinese opera house, punishing those who offend him.",Mandarin,China,tt0206442,movie,N/A,N/A,N/A,"suspenseful, emotional",slow,intimate,general,unknown,linear,neutral,minimal,based_on,low,minimal,low,0,0,0,0,0,0.0,0.0,0.0,0.0,1.0,0.0,0.0,0.0
73,Sorrows and Joys of a Middle-Aged Man,1949,8.073,0.642,,,,,,Hu Sang,N/A,N/A,N/A,100 min,100,Drama,Drama,Unknown,7.9,7.9,160,0.0,0.0,0.0,N/A,"Eileen Chang, Hu Sang","Hui Shi, Jiachen Zhu, Yang Shen","In pre-communist China, a widowed school principal must take care of his three children and a girl left behind his deceased old friend. When he retires, he finds himself bored and neglected by his children until he returns to school.",Chinese,China,tt1580409,movie,N/A,N/A,N/A,emotional,medium,intimate,"family, friendship",male,linear,neutral,minimal,original,low,minimal,low,0,0,0,0,0,1.0,0.0,0.0,0.0,0.0,0.0,0.0,0.0
74,Sorrows of the Forbidden City,1948,7.828,0.633,,,,,,Shilin Zhu,N/A,N/A,11 Nov 1948,120 min,120,"Drama, History",Drama,History,6.9,6.9,61,0.0,0.0,0.0,N/A,Ke Yao,"Xuan Zhou, Shi Shu, Rhoqing Tang","Set in the Qing Dynasty, years of emperor Guangxu. Guangxu feels involuntarily like a puppet because of dowager Cixi's reigning behind the curtain. He wants to support a political reform.",Mandarin,Hong Kong,tt0205345,movie,N/A,N/A,N/A,emotional,medium,intimate,general,male,linear,neutral,minimal,original,low,minimal,low,0,0,0,0,0,1.0,0.0,0.0,1.0,0.0,0.0,0.0,0.0
75,Spring in a Small Town,1948,7.753,0.614,,,,,,Mu Fei,N/A,N/A,10 Nov 1993,98 min,98,"Drama, Romance",Drama,Romance,7.3,7.3,3449,0.0,0.0,1.0,1 win,Tianji Li,"Chaoming Cui, Wei Li, Yu Shi","Following WWII and with China brought to it's knees by the actions of the Japanese, prior to the rise of the Communists, led by Chairman Mao. This is the time during which Fei Mu's film takes place. Wei Wei plays a woman who lives a lonely life, shackled by her care for her gentle, but ill husband (Shi Yu)- that is until her first love reappears into her life. This is Fei's penultimate film as director, but is still enjoyed by many today as one of his best works. It has now been a firm favorite of many since it was restored in the 80's by the China Film Archive and some rate it as one of the greatest Chinese movies in history.",Mandarin,China,tt0189219,movie,N/A,N/A,N/A,"uplifting, emotional",medium,intimate,love,female,linear,neutral,minimal,original,low,minimal,low,0,0,0,0,0,1.0,0.0,0.0,0.0,1.0,0.0,0.0,0.0
76,Still Life,2006,7.974,0.625,,,,,,Jia Zhang-ke,Unrated,Unrated,16 Nov 2006,111 min,111,Drama,Drama,Unknown,7.3,7.3,7504,81.0,0.0,2.0,15 wins & 14 nominations,"Jia Zhang-ke, Na Guan, Jiamin Sun","Tao Zhao, Zhou Lan, Sanming Han","Against the backdrop of the mammoth Three Gorges Dam engineering project in the declining city of Fengjie, a poor mine worker from Shanxi, Sanming, arrives in the dilapidated town in the hope of finding his unknown daughter and his ex-wife, Missy Ma, who left him nearly 16 years ago. But in the meantime, a nurse from Taiyuan, Shen Hong, also comes to Fengjie in search of her husband who's been missing for almost two years. Though Shen and Sanming are two perfect strangers, their parallel quests for their beloved missing ones signify the urgency to retrieve what lies hidden in the past, as man is dwarfed by an ever-changing landscape which threatens to bury one's memories deep under water.",Mandarin,"Hong Kong, China",tt0859765,movie,N/A,"$76,983",N/A,"uplifting, emotional",medium,intimate,love,male,linear,neutral,minimal,original,low,minimal,medium,0,0,0,0,0,1.0,0.0,0.0,0.0,0.0,0.0,0.0,0.0
77,Street Angel,1937,7.529,0.596,,,,,,Muzhi Yuan,N/A,N/A,07 Dec 1983,91 min,91,"Comedy, Drama",Comedy,Drama,7.0,7.0,959,0.0,0.0,1.0,1 win,Muzhi Yuan,"Dan Zhao, Heling Wei, Xuan Zhou","In old Shanghai, two sisters, a prostitute and a singer, tried to escape from the local scoundrels with the help of a trumpet player and a newspaper seller.",Mandarin,China,tt0183828,movie,N/A,N/A,N/A,"funny, emotional",fast,intimate,general,unknown,linear,neutral,minimal,original,low,minimal,low,0,0,0,0,0,1.0,1.0,0.0,0.0,0.0,0.0,0.0,0.0
78,Summer Palace,2006,7.871,0.642,,,,,,Ye Lou,Unrated,Unrated,18 Apr 2007,158 min,158,"Drama, History, Romance",Drama,History,7.2,7.2,4684,79.0,0.0,1.0,1 nomination total,"Ye Lou, Yingli Ma, Feng Mei","Lei Hao, Xiaodong Guo, Xueyun Bai","Country girl Yu Hong leaves her village, her family and her lover to study in Beijing. At university, she discovers an intense world of sexual freedom and forbidden pleasure. Enraptured, compulsive, she falls madly in love with fellow student Zhou Wei. Driven by obsessive passions they can neither understand nor control, their relationship becomes one of dangerous games - betrayals, recriminations, provocations - as all around them, their fellow students begin to demonstrate, demanding democracy and freedom. Protests collapse, and Yu and Zhou lose each other amidst the social chaos and panicked crowds. Zhou Wei is sent to a summer military camp, and on his release moves to Berlin, fleeing both his country and memories of Yu. She finds a job, a lover, but can not forget Zhou. In Germany, social unrest is mounting: calls for freedom, demonstrations for democracy. A familiar story for Zhou. Weary, still haunted by Yu, he returns to China as the Berlin Wall crashes down. He finds her at last, in a small town. From evening to dawn, their future stretches before them, two changed souls in a changed world.","Mandarin, German","China, France",tt0794374,movie,N/A,"$63,045",N/A,"dark, emotional",epic,intimate,"family, love, betrayal",ensemble,linear,neutral,redemption,original,low,minimal,medium,0,0,0,0,0,1.0,0.0,0.0,1.0,1.0,0.0,0.0,0.0
79,Summer Snow,1995,8.173,0.645,,,,,,Ann Hui,N/A,N/A,N/A,101 min,101,"Comedy, Drama",Comedy,Drama,7.8,7.8,861,0.0,0.0,2.0,20 wins & 11 nominations total,Man-Keung Chan,"Josephine Siao, Kar-Ying Law, Allen Ting","The Suns are a typical Hong Kong family: May, forty something, works for a trading company; her husband, Bing, works as a low-grade civil servant, and Allen, their teenage son, is still at school. Trouble strikes one day when Bing's mother dies of a stroke, leaving her husband old Mr. Sun. Alzheimer's Disease is diagnosed. From that day on, the family's daily life is thrown into a poignant. Old Mr. Sun develops a tendency to wander off and get lost, he wakes up yelling in the middle of the night plus he is rude and disobliging ... all this, along with May's already full schedule as wife, mother and employee, drives her close to the edge of her endurance. The very last thing they all wanted has to happen: old Mr. Sun has to go into a Nursing Home. But it does not turn out quite like they expected...",Cantonese,Hong Kong,tt0111767,movie,N/A,N/A,N/A,"funny, emotional",fast,intimate,family,ensemble,linear,neutral,minimal,original,low,minimal,low,0,0,0,0,0,1.0,1.0,0.0,0.0,0.0,0.0,0.0,0.0
80,Taipei Story,1985,8.208,0.642,,,,,,Edward Yang,Not Rated,Not Rated,N/A,119 min,119,Drama,Drama,Unknown,7.6,7.6,4465,0.0,0.0,1.0,3 nominations total,"T'ien-wen Chu, Hsiao-Hsien Hou, Edward Yang","Chin Tsai, Hsiao-Hsien Hou, I-Chen Ko","Lung, a former member of the national Little League team and now operator of an old-style fabric business, is never able to shake a longing for his past glory. One day, he runs into a forme teammate who is now a struggling cab driver. The two talk about old times and they are struck by a sense of loss. Lung is living with his old childhood sweetheart Ah-chin, a westernized professional woman who grew up in a traditional family. Although they live together, Ah-chin is always weary of Lung's past liason with another girl. After an argument, Ah-chin tris to find solace by hanging out with her sister's friends, a group of westernized, hedonistic youths.","Min Nan, Mandarin, Hokkien",Taiwan,tt0089866,movie,N/A,"$12,897",N/A,emotional,medium,intimate,"family, love, friendship",ensemble,linear,tragic,minimal,original,low,minimal,low,0,0,0,0,0,1.0,0.0,0.0,0.0,0.0,0.0,0.0,0.0
81,The 36th Chamber of Shaolin,1978,8.195,0.642,,,,,,Chia-Liang Liu,R,R,02 Feb 1978,116 min,116,"Action, Adventure, Drama",Action,Adventure,7.6,7.6,19003,0.0,0.0,1.0,1 nomination total,Kuang Ni,"Chia-Hui Liu, Lo Lieh, Yue Wong","The anti-Ching patriots, under the guidance of Ho Kuang-han, have secretly set up their base in Canton, disguised as school masters. During a brutal Manchu attack, Lui manages to escape and devotes himself to learning the martial arts in order to seek revenge. In a short period of time he masters the deadly use of his fists, feet and palms, along with such weapons as swords, sticks, and lances. With his learning complete, he takes on the Manchus.",Mandarin,Hong Kong,tt0078243,movie,N/A,N/A,N/A,"dark, exciting, emotional",fast,intimate,revenge,male,linear,neutral,growth,original,low,practical_effects,low,0,0,0,0,0,1.0,0.0,0.0,0.0,0.0,1.0,1.0,0.0
82,The Arch,1968,8.116,0.638,,,,,,Shu Shuen Tong,N/A,N/A,14 Oct 1970,94 min,94,Drama,Drama,Unknown,7.6,7.6,240,0.0,0.0,1.0,4 wins,"Yutang Lin, Shu Shuen Tong","Lisa Lu, Roy Chiao, Hilda Chow Hsuan","A woman falls in love with a visiting cavalry captain, but chooses to suppress it for the sake of her daughter.",Mandarin,Hong Kong,tt0074151,movie,N/A,N/A,N/A,emotional,medium,intimate,love,female,linear,neutral,minimal,original,low,minimal,low,0,0,0,0,0,1.0,0.0,0.0,0.0,0.0,0.0,0.0,0.0
83,The Big Road,1935,7.518,0.586,,,,,,Yu Sun,Not Rated,Not Rated,31 May 2016,104 min,104,"Comedy, Musical, Drama",Comedy,Musical,6.5,6.5,330,0.0,0.0,0.0,N/A,Yu Sun,"Yan Jin, Yanyan Chen, Li-li Li","Six young men from the city take jobs on a road crew, building a highway of strategic importance to the Chinese Army. The story relates the men's interactions with each other, the local community, and two friendly and flirtatious young local girls who become part of their circle. Meanwhile, their hard work is countered by a traitorous foreman bribed by Japanese agents to sabotage the road.","None, Mandarin",China,tt0121180,movie,N/A,N/A,N/A,"funny, emotional",fast,intimate,"friendship, betrayal",unknown,linear,neutral,minimal,original,low,minimal,low,0,0,0,0,0,1.0,1.0,0.0,0.0,0.0,0.0,0.0,0.0
84,The Black Cannon Incident,1985,8.219,0.639,,,,,,Jianxin Huang,Not Rated,Not Rated,13 Mar 1989,96 min,96,"Comedy, Drama",Comedy,Drama,7.4,7.4,560,0.0,0.0,2.0,3 wins & 5 nominations total,"Wei Li, Xianliang Zhang","Zifeng Liu, Ming Gao, Gerhard Olschewski","Engineer Zhao Shuxin likes playing chess a lot. Once during his business trip, he loses a black cannon chessman which leads to unexpected consequences for him.",Mandarin,China,tt0091190,movie,N/A,N/A,N/A,"funny, emotional",fast,intimate,general,male,linear,neutral,minimal,original,low,minimal,low,0,0,0,0,0,1.0,1.0,0.0,0.0,0.0,0.0,0.0,0.0
85,The Blue Kite,1993,8.017,0.655,,,,,,Zhuangzhuang Tian,N/A,N/A,25 Mar 1994,140 min,140,"Drama, History",Drama,History,7.5,7.5,3415,0.0,0.0,2.0,10 wins & 4 nominations total,Mao Xiao,"Tian Yi, Wenyao Zhang, Xiaoman Chen","On Dry Well Lane in Beijing in 1953, Chen Shujuan and Lin Shaolong marry. A year later their son, nicknamed Tietou (Iron Head), is born. The Party is everywhere: Mao's photograph, loud-speaker announcements, visits from the neighborhood committee. Shaolong dies in a reform camp; a close family friend, who protects Shujuan and her son partly out of guilt for lying to authorities about Shaolong, succumbs to malnutrition; a confrontation with the Red Guard leads to injury, imprisonment and death. Shujuan's love for Tietou sustains her, and the child's blue kite embodies hope: ""I can make another for you,"" says Tietou's dad; by the end, Tietou promises this to a small child",Mandarin,"China, Hong Kong",tt0107358,movie,N/A,"$355,974",N/A,"dark, uplifting, emotional",slow,intimate,"family, love, friendship",female,linear,tragic,minimal,original,low,minimal,medium,0,0,0,0,0,1.0,0.0,0.0,1.0,0.0,0.0,0.0,0.0
86,The Butterfly Murders,1979,7.186,0.537,,,,,,Hark Tsui,Not Rated,Not Rated,20 Jul 1979,88 min,88,"Action, Horror, Mystery",Action,Horror,6.4,6.4,896,0.0,0.0,0.0,N/A,"Chi-Ming Lam, Fan Lin","Siu-Ming Lau, Michelle Yim, Shu-Tong Wong","A journalist attempting to solve a mystery in ""Martial World"" enlists the aid of a master fighter and a woman named Green Breeze. They go to a mysterious castle where they come across poisonous butterflies and a black-leather-clad killer.",Cantonese,Hong Kong,tt0079051,movie,N/A,N/A,N/A,"suspenseful, exciting",fast,conventional,general,female,linear,neutral,minimal,original,low,practical_effects,low,0,0,0,0,0,0.0,0.0,0.0,0.0,0.0,1.0,0.0,0.0
87,The Eight Diagram Pole Fighter,1984,8.14,0.635,,,,,,Chia-Liang Liu,Not Rated,Not Rated,17 Feb 1984,98 min,98,"Action, Drama",Action,Drama,7.4,7.4,3895,0.0,0.0,1.0,1 nomination total,"Chia-Liang Liu, Kuang Ni","Chia-Hui Liu, Sheng Fu, Lily Li","The Yang family was the loyal strong-arm of the Imperial army. But a jealous General betrays the Eilte Spearman and their father to the opposing Mongol army. After an ambush of a battle, only two of the seven sons survive. One remains hidden by the family while the other lives on the run. The traitorous general must find them and silence them before either of them can testify to the Emperor of his treachery.","Cantonese, Mandarin",Hong Kong,tt0086606,movie,N/A,N/A,N/A,"exciting, emotional",fast,intimate,"family, betrayal, survival",male,linear,neutral,minimal,original,low,practical_effects,low,0,0,0,0,0,1.0,0.0,0.0,0.0,0.0,1.0,0.0,0.0
88,The Goddess,1934,7.583,0.611,,,,,,Yonggang Wu,TV-PG,TV-PG,N/A,85 min,85,Drama,Drama,Unknown,7.6,7.6,2559,0.0,0.0,1.0,1 win,Yonggang Wu,"Lingyu Ruan, Tian Jian, Zhizhi Zhang","An unnamed devoted mother sells herself by night on the streets of Shanghai in order to support herself and her infant son. When a gambler who calls himself ""the Boss"" strong-arms his way into becoming her pimp, she flees with her son and attempts to earn an honest living, but the Boss tracks her down and forces her back into prostitution. When her son reaches school age, she begins hiding away enough money to pay his tuition. Although her son is ostracized by other kids due to her profession, she takes great joy in providing an education and a potential better future for him. When the other parents want the boy expelled, a kindly principal fights to keep him in school. Meanwhile, the Boss finds her hidden cash, adding financial woes to the problems of social injustice.","None, Mandarin",China,tt0195256,movie,N/A,N/A,N/A,"uplifting, emotional",fast,intimate,"family, justice",female,linear,neutral,minimal,original,low,minimal,low,0,0,0,0,0,1.0,0.0,0.0,0.0,0.0,0.0,0.0,0.0
89,The Great Devotion,1960,7.628,0.601,,,,,,Yuen Chor,N/A,N/A,04 Aug 1960,98 min,98,Drama,Drama,Unknown,7.0,7.0,45,0.0,0.0,0.0,N/A,Yuen Chor,"Yin Pak, Wood-Yau Cheung, Lap Ban Chan",N/A,Cantonese,Hong Kong,tt0053878,movie,N/A,N/A,N/A,emotional,medium,intimate,general,unknown,linear,neutral,minimal,original,low,minimal,low,0,0,0,0,0,1.0,0.0,0.0,0.0,0.0,0.0,0.0,0.0
90,The House of 72 Tenants,1973,7.136,0.537,,,,,,Yuen Chor,N/A,N/A,22 Sep 1973,98 min,98,Comedy,Comedy,Unknown,6.5,6.5,173,0.0,0.0,0.0,N/A,Yuen Chor,"Shen Chan, Mei Hua Chen, Adam Cheng","A group of people are crowded together in a crappy tenement slum. The place is ruled with an iron fist by its strict landlady, who along with her sleazy husband, tries to exploit their tenants in whatever way they see fit.","Cantonese, Mandarin",Hong Kong,tt0070196,movie,N/A,N/A,N/A,funny,fast,conventional,general,female,linear,neutral,minimal,original,low,minimal,low,0,0,0,0,0,0.0,1.0,0.0,0.0,0.0,0.0,0.0,0.0
91,The Killer,1989,8.158,0.642,,,,,,John Woo,R,R,01 Sep 1990,111 min,111,"Action, Crime, Drama",Action,Crime,7.7,7.7,53376,82.0,0.0,2.0,2 wins & 6 nominations total,John Woo,"Chow Yun-Fat, Danny Lee, Sally Yeh","A Hong Kong hitman accidentally blinds an innocent woman during a hit. He is determined to get her surgery to help her regain her sight but he needs to complete one more hit first. He completes the job but then is ambushed as he tries to escape: someone wants him dead. Meanwhile a resourceful, unorthodox police detective is hot on his trail.","Cantonese, Mandarin, Japanese, English",Hong Kong,tt0097202,movie,N/A,N/A,N/A,"dark, exciting, emotional",fast,intimate,general,ensemble,linear,neutral,minimal,original,low,practical_effects,low,0,0,0,0,0,1.0,0.0,1.0,0.0,0.0,1.0,0.0,0.0
92,The Kingdom and the Beauty,1959,7.742,0.601,,,,,,Han Hsiang Li,N/A,N/A,29 Jun 1959,100 min,100,"Drama, Family, Musical",Drama,Family,6.7,6.7,176,0.0,0.0,1.0,1 win total,Yue-Ting Wang,"Dai Lin, Lei Zhao, King Hu","Set in the Ming Dynasty, the story follows a bored Emperor who decides to take a little vacation from his regal duties. His destination is Kiang Nan, a village that lays claim to the most beautiful women in all of the Middle Kingdom. Upon hearing that one of his imperial guards will be visiting his home village, the Emperor decides to tag along, much to the consternation of his royal advisers. Once there, the Emperor happens upon a parade in celebration of the spring season and glimpses a beauty (Linda Lin Dai). They smile at each other, and an obvious attraction is sparked between the two. Upon meeting her again in the forest and playing a game with her friends, the Emperor then tracks the beauty to a local wine shop. He learns that her name is Li Feng, an innocent waitress working for her very stern brother.",Mandarin,"Hong Kong, Singapore",tt0194984,movie,N/A,N/A,N/A,emotional,medium,intimate,friendship,male,linear,neutral,growth,original,low,minimal,medium,0,0,0,0,0,1.0,0.0,0.0,0.0,0.0,0.0,0.0,0.0
93,The Life of Wu Xun,1951,7.699,0.601,,,,,,Yu Sun,N/A,N/A,21 Feb 1951,208 min,208,Drama,Drama,Unknown,6.8,6.8,67,0.0,0.0,0.0,N/A,Yu Sun,"Dan Zhao, Zongying Huang, Boxun Zhou","The life-story of Wu Xun, a beggar in the Qing dynasty who set up free schools for poor children.",Mandarin,China,tt0457630,movie,N/A,N/A,N/A,emotional,epic,intimate,family,unknown,linear,neutral,minimal,original,low,minimal,low,0,0,0,0,0,1.0,0.0,0.0,0.0,0.0,0.0,0.0,0.0
94,The Lin Family Shop,1959,7.714,0.608,,,,,,Choui Khoua,Not Rated,Not Rated,06 Oct 1959,85 min,85,Drama,Drama,Unknown,7.1,7.1,165,0.0,0.0,0.0,N/A,"Dun Mao, Yan Xia","Tian Xie, Bin Lin, Wei Ma",A textile store in Zhejiang province encounters a series of trouble when the Japanese invade China and the war breaks out.,Mandarin,China,tt0470423,movie,N/A,N/A,N/A,emotional,fast,intimate,general,unknown,linear,neutral,minimal,original,low,minimal,low,0,0,0,0,0,1.0,0.0,0.0,0.0,0.0,0.0,0.0,0.0
95,The Love Eterne,1963,7.568,0.57,,,,,,Han Hsiang Li,N/A,N/A,03 Apr 1963,126 min,126,"Fantasy, Musical, Romance",Fantasy,Musical,7.1,7.1,537,0.0,0.0,1.0,6 wins total,Han Hsiang Li,"Betty Loh Ti, Ivy Ling Po, Li-Chu Chang",The story about the life of the students at a university in Hangchow. Chu Ying-Tai is a female who has to be disguised as a man in order to gain entry into the school.,Mandarin,Hong Kong,tt0057248,movie,N/A,N/A,N/A,emotional,slow,"intimate, surreal",general,ensemble,linear,neutral,minimal,original,low,practical_effects,low,0,0,0,0,0,0.0,0.0,0.0,0.0,1.0,0.0,0.0,0.0
96,The Mission,1999,7.314,0.566,,,,,,Johnnie To,Not Rated,Not Rated,19 Nov 1999,84 min,84,"Action, Crime",Action,Crime,7.5,7.5,6381,0.0,0.0,2.0,10 wins & 8 nominations total,Nai-Hoi Yau,"Anthony Chau-Sang Wong, Francis Ng, Jackie Chung-yin Lui","Triad boss Lung, who has just escaped being killed in an assassination attempt hires the killers Curtis, James, Mike, Roy and Shin for his protection. Their grown solidarity is under compulsion when Lung orders Curtis to kill Shin in punishment for his affair with Mrs. Lung.",Cantonese,Hong Kong,tt0220644,movie,N/A,N/A,N/A,"dark, exciting",fast,conventional,general,male,linear,neutral,growth,original,low,practical_effects,low,0,0,0,0,0,0.0,0.0,1.0,0.0,0.0,1.0,0.0,0.0
97,The Orphan,1960,8.126,0.636,,,,,,Sun-Fung Lee,N/A,N/A,03 Mar 1960,104 min,104,"Drama, Family",Drama,Family,7.5,7.5,109,0.0,0.0,0.0,N/A,Cho-Fan Ng,"Cho-Fan Ng, Yin Pak, Bruce Lee","When a young street thug becomes friends with the headmaster of a school, he gives up the triad life to enroll in the school.",Cantonese,Hong Kong,tt0193458,movie,N/A,N/A,N/A,emotional,medium,intimate,friendship,male,linear,neutral,minimal,original,low,minimal,low,0,0,0,0,0,1.0,0.0,0.0,0.0,0.0,0.0,0.0,0.0
98,The Private Eyes,1976,7.459,0.563,,,,,,Michael Hui,N/A,N/A,16 Dec 1976,94 min,94,Comedy,Comedy,Unknown,7.0,7.0,970,0.0,0.0,0.0,N/A,Michael Hui,"Michael Hui, Samuel Hui, Ricky Hui","Private Eyes revolves the characters in a private detective agency headed by Wong Yuk-See (Michael Hui) with two employees, a stuttered, easily bullied Pighead (Ricky Hui) and secretary/receptionist, Jacky (Angie Chiu). The agency was soon joined by an out-of-work bottling plant employee Lee Kwok-Kit (Sam Hui). Among them, they took on various cases, mostly involving adulterous men and women. Comedic adventures occurred when Wong and Lee carried out these investigations. In the movie's finale, the two were trying to capture a blackmailer to a local theater and it ties several earlier sketches together.",Cantonese,Hong Kong,tt0074179,movie,N/A,N/A,N/A,funny,fast,conventional,general,unknown,linear,neutral,minimal,original,low,minimal,low,0,0,0,0,0,0.0,1.0,0.0,0.0,0.0,0.0,0.0,0.0
99,The Puppetmaster,1993,7.817,0.611,,,,,,Hsiao-Hsien Hou,N/A,N/A,08 Dec 1993,142 min,142,"Biography, Drama, War",Biography,Drama,7.0,7.0,2206,0.0,0.0,2.0,7 wins & 4 nominations total,"T'ien-wen Chu, Tien-Lu Li, Nien-Jen Wu","Tien-Lu Li, Giong Lim, Kuei-Chung Cheng","In the first half of this century, young Li Tienlu joines a travelling puppet theatre and subsequently makes a career as one of Taiwan's leading puppeteers. During World War II the Japanese rulers of Taiwan use the traditional Chinese puppet theatre for their war propaganda. Only after the war street theatres start playing again.","Mandarin, Min Nan, Japanese",Taiwan,tt0107157,movie,N/A,N/A,N/A,emotional,slow,"epic, intimate",general,unknown,linear,neutral,minimal,original,low,minimal,low,0,0,0,0,0,1.0,0.0,0.0,0.0,0.0,0.0,0.0,0.0
100,The Purple Hairpin,1959,7.313,0.55,,,,,,Tit Lee,N/A,N/A,18 Feb 1959,135 min,135,"Musical, Romance",Musical,Romance,6.7,6.7,22,0.0,0.0,0.0,N/A,"Disheng Tang, Xianxu Tang","Kim-Fai Yam, Xuexian Bai, Sing-Po Leung",N/A,Cantonese,Hong Kong,tt0205599,movie,N/A,N/A,N/A,emotional,slow,intimate,general,unknown,linear,neutral,minimal,original,low,minimal,low,0,0,0,0,0,0.0,0.0,0.0,0.0,1.0,0.0,0.0,0.0
101,The Red Detachment of Women,1961,7.629,0.599,,,,,,Jin Xie,N/A,N/A,N/A,92 min,92,"Drama, War",Drama,War,6.9,6.9,374,0.0,0.0,1.0,4 wins,Xin Liang,"Xijuan Zhu, Xingang Wang, Mei Xiang","In 1930s, Wu Qionghua was a housemaid of Nan-ba-tian, a cruel warlord of a village in Hainan Island, China. Often abused by her master, Qionghua was finally rescued by Hong Changqing, leader of the Red Detachment of Women - a troop of women soldiers. She joined the troop and became the Detachment leader after the death of Hong. They captivated and executed the warlord and liberated Qionghua's home village.",Mandarin,China,tt0472622,movie,N/A,N/A,N/A,"dark, emotional",medium,"epic, intimate",general,female,linear,tragic,minimal,original,low,minimal,low,0,0,0,0,0,1.0,0.0,0.0,0.0,0.0,0.0,0.0,0.0
102,The Sandwich Man,1983,7.924,0.618,,,,,,"Hsiao-Hsien Hou, Chuang-Hsiang Tseng, Jen Wan",Not Rated,Not Rated,02 Sep 1983,105 min,105,Drama,Drama,Unknown,7.1,7.1,813,0.0,0.0,1.0,3 nominations total,"Chunming Huang, Nien-Jen Wu","Bor-Jeng Chen, Li-Yin Yang, Kuo-Feng Tseng",Three vignettes from three different directors that tell stories of ordinary people during Taiwan's Cold War period.,"Mandarin, Min Nan",Taiwan,tt0085503,movie,N/A,N/A,N/A,emotional,medium,intimate,general,unknown,linear,neutral,minimal,original,low,minimal,low,0,0,0,0,0,1.0,0.0,0.0,0.0,0.0,0.0,0.0,0.0
103,The Secret,1979,7.561,0.588,,,,,,Ann Hui,N/A,N/A,01 Nov 1979,85 min,85,"Drama, Horror, Mystery",Drama,Horror,6.5,6.5,297,0.0,0.0,2.0,2 wins & 3 nominations,Joyce Chan,"Sylvia Chang, Angie Chiu, Norman Chu","A real murder case which was complicated by the minage ' trois relationship of the victim and the main suspects. As different witnesses narrated their conflicting stories, the case seemed set to lead to nowhere; especially when the real identity of the dead person was finally discovered.",Cantonese,Hong Kong,tt0079146,movie,N/A,N/A,N/A,"dark, suspenseful, emotional",fast,intimate,love,unknown,linear,bittersweet,self-discovery,original,low,minimal,low,0,0,0,0,0,1.0,0.0,0.0,0.0,0.0,0.0,0.0,0.0
104,The Spooky Bunch,1980,7.147,0.533,,,,,,Ann Hui,N/A,N/A,22 May 1980,97 min,97,"Comedy, Fantasy",Comedy,Fantasy,6.3,6.3,120,0.0,0.0,0.0,N/A,Joyce Chan,"Josephine Siao, Kenny Bee, Mang-Ha Cheng","A Cantonese opera company arrives in Cheung Chau to perform for a rich man, who wants to marry of his nephew Dick to the star of the company Ah Gee. As soon as they arrive, the company is thwarted by a female spirit, Catshit, who turns out to be the precursor of a whole army of spirits sent to pester the uncle and one of the older actors. Only Ah Gee and Dick find out that the danger has something to do with a crime committed by Ah Gee's ancestors. This involved selling bad medicines to soldiers as a result of which a whole platoon of ghosts is out for vengeance",Cantonese,Hong Kong,tt0081803,movie,N/A,N/A,N/A,funny,fast,surreal,revenge,ensemble,linear,neutral,minimal,original,low,practical_effects,low,0,0,0,0,0,0.0,1.0,0.0,0.0,0.0,0.0,0.0,0.0
105,The Spring River Flows East,1947,7.836,0.618,,,,,,"Chusheng Cai, Junli Zheng",N/A,N/A,17 Oct 1999,192 min,192,"Drama, War",Drama,War,7.3,7.3,371,0.0,0.0,1.0,1 win,"Chusheng Cai, Junli Zheng","Yang Bai, Jin Tao, Yinyan Wu","1930's China. The village of a poor family is taken over by the occupying Japanese army. One son, Zhongliang, leaves his wife and young son to join a medic group for the Chinese Army. The other son, Zhangmin goes into hiding to protect his family. The focus shifts back and forth from the brothers' parents and Zhongliang's wife and son to Zhongliang's newfound life of luxury in a town not too far away. The plight of Zhongliang's mother, his wife, Sufan and her son, Kongeson is contrasted with Zhongliang's rise in a flourishing company.","Mandarin, Japanese",China,tt0040009,movie,N/A,N/A,N/A,emotional,epic,"epic, intimate",family,ensemble,linear,neutral,minimal,original,low,minimal,low,0,0,0,0,0,1.0,0.0,0.0,0.0,0.0,0.0,0.0,0.0
106,The Story of a Discharged Prisoner,1967,8.104,0.635,,,,,,Kong Lung,N/A,N/A,13 Sep 1967,118 min,118,"Action, Crime, Drama",Action,Crime,7.5,7.5,90,0.0,0.0,0.0,N/A,Kong Lung,"Yin Tse, Ling Ka, Tsai-Jung Chan",N/A,Cantonese,Hong Kong,tt0193645,movie,N/A,N/A,N/A,"dark, exciting, emotional",fast,intimate,general,unknown,linear,neutral,minimal,original,low,practical_effects,low,0,0,0,0,0,1.0,0.0,1.0,0.0,0.0,1.0,0.0,0.0
107,The Terrorizers,1986,8.195,0.644,,,,,,Edward Yang,N/A,N/A,19 Dec 1986,109 min,109,"Crime, Drama",Crime,Drama,7.7,7.7,5885,0.0,0.0,2.0,4 wins & 2 nominations total,"Hsiao-Yeh, Edward Yang","Cora Miao, Li-Chun Lee, Shih-Chieh King",A metaphysical mystery about the lives of three couples in Taipei that continually intersect over a span of several weeks.,"Mandarin, Min Nan",Taiwan,tt0091355,movie,N/A,N/A,N/A,"dark, emotional",medium,intimate,general,unknown,linear,neutral,minimal,original,low,minimal,low,0,0,0,0,0,1.0,0.0,1.0,0.0,0.0,0.0,0.0,0.0
108,The Wedding Banquet,1993,8.174,0.641,,,,,,Ang Lee,R,R,04 Aug 1993,106 min,106,"Comedy, Drama, Romance",Comedy,Drama,7.6,7.6,18350,81.0,1.0,2.0,Nominated for 1 Oscar. 13 wins & 11 nominations total,"Ang Lee, Neil Peng, James Schamus","Winston Chao, May Chin, Ah-Lei Gua","Simon and Wei-Tung are a gay couple living together in Manhattan. To defer the suspicions of Wei-Tung's parents, Simon suggests a marriage of convenience between Wei-Tung and Wei-Wei, an immigrant in need of a green card. When Wei-Tung's parents come to America for the wedding, they insist upon an elaborate banquet, resulting in several complications.","Mandarin, English","Taiwan, United States",tt0107156,movie,N/A,"$6,933,459",N/A,"funny, emotional",fast,intimate,family,unknown,linear,neutral,minimal,original,low,minimal,medium,0,0,0,0,0,1.0,1.0,0.0,0.0,1.0,0.0,0.0,0.0
109,"The Wild, Wild Rose",1960,7.566,0.57,,,,,,Tian-Lin Wang,N/A,N/A,04 Oct 1960,128 min,128,Musical,Musical,Unknown,7.1,7.1,209,0.0,0.0,0.0,N/A,Yu Chin,"Grace Chang, Yang Chang, Po-Chien Chin",Grace Chang seduces as Hong Kong's most sensual Carmen ever. The torrid passions of Bizet's famous opera gets a postmodern reading when it is transposed to the noir-like setting of Hong Kong's Wanchai district. One of the most exhilarating and energetic musicals in the Chinese language.,Mandarin,Hong Kong,tt0199156,movie,N/A,N/A,N/A,neutral,slow,conventional,general,unknown,linear,neutral,minimal,original,low,minimal,low,0,0,0,0,0,0.0,0.0,0.0,0.0,0.0,0.0,0.0,0.0
110,The Winter,1969,7.841,0.618,,,,,,Han Hsiang Li,N/A,N/A,09 Jan 1969,96 min,96,Drama,Drama,Unknown,7.3,7.3,55,0.0,0.0,0.0,N/A,"Lan Lo, Hsiang-Ju Sung","Ah-Lei Gua, Yeh Tien, Po-kien Chang","The winters in Northern China could become rather bitter and harsh especially if one must endure it alone. Hoping to spend his last winter in solitude, a timid man must declare his love for his sweetheart before her family forces her to be married off.",Mandarin,Taiwan,tt0186699,movie,N/A,N/A,N/A,emotional,medium,intimate,"family, love, survival",male,linear,neutral,minimal,original,low,minimal,low,0,0,0,0,0,1.0,0.0,0.0,0.0,0.0,0.0,0.0,0.0
111,The Winter of Three Hairs,1949,7.343,0.579,,,,,,"Gong Yan, Ming Zhao",Not Rated,Not Rated,01 Dec 1949,74 min,74,"Comedy, Drama",Comedy,Drama,6.6,6.6,202,0.0,0.0,0.0,N/A,"Leping Zhang, Hansheng Yang","Mo Cheng, Longji Wang, Long Gongboan","Three Hairs was the name of a popular comic character, a street urchin with a bald head save for three thin stalks sticking straight up towards the sky. After a night on the streets, Three Hairs looks for work wherever he can get it; he polishes shoes, picks garbage and even sells newspapers, but finally decides to give up. He puts a ""For Sale"" sign on his back and goes looking for a buyer. The war had left literally millions of homeless children in China, and Three Hair's misadventures in the comics were widely read as a rebuke to government for their neglect of this problem.",Mandarin,China,tt0470084,movie,N/A,N/A,N/A,"funny, emotional",fast,intimate,family,male,linear,neutral,minimal,comic,low,minimal,low,0,0,0,0,0,1.0,1.0,0.0,0.0,0.0,0.0,0.0,0.0
112,Third Sister Liu,1962,5.31,0.315,,,,,,Li Su,N/A,,1962-07-12,0 min,0,,,,0.0,0.0,0,,,,,,,,,,tt0054034,movie,,,,,,,,,,,,,,,,0,0,0,0,0,0.0,0.0,0.0,0.0,0.0,0.0,0.0,
113,Tie Xi Qu: West of the Tracks,2002,7.773,0.601,,,,,,Wang Bing,N/A,N/A,09 Jun 2004,551 min,551,Documentary,Documentary,Unknown,8.1,8.1,1381,0.0,0.0,2.0,4 wins & 3 nominations,N/A,N/A,"The impact of the decline of heavy industry on workers and their families in the Tiexi district of Shenyang, China, at the turn of the 21st century, documented unflinchingly by a fly-on-the-wall camera.",Mandarin,"China, Netherlands",tt0389448,movie,N/A,N/A,N/A,neutral,epic,conventional,general,unknown,linear,neutral,minimal,original,low,minimal,medium,0,0,0,0,0,0.0,0.0,0.0,0.0,0.0,0.0,0.0,0.0
114,Twin Sisters,1934,7.228,0.563,,,,,,Zhengqiu Zheng,N/A,N/A,13 Feb 1934,82 min,82,Drama,Drama,Unknown,6.1,6.1,112,0.0,0.0,0.0,N/A,Zhengqiu Zheng,"Xiaoqiu Zheng, Zhiyuan Tan, Jinglin Xuan","Twin girls separated at birth are reunited when the one raised in poverty becomes a servant in the household of her sister, now the pampered wife of a warlord general.",Mandarin,China,tt0209510,movie,N/A,N/A,N/A,emotional,fast,intimate,general,female,linear,neutral,minimal,original,low,minimal,low,0,0,0,0,0,1.0,0.0,0.0,0.0,0.0,0.0,0.0,0.0
115,Two Stage Sisters,1964,7.795,0.606,,,,,,Jin Xie,N/A,N/A,N/A,112 min,112,Drama,Drama,Unknown,6.8,6.8,406,0.0,0.0,1.0,1 win,"Lingu Wang, Jin Xie, Jin Xu","Fang Xie, Yindi Cao, Nan Deng","Chronicles the fortunes of two actresses in pre-revolutionary China, who are separated by money and politics.",Mandarin,China,tt0081553,movie,N/A,N/A,N/A,emotional,medium,intimate,general,unknown,linear,neutral,minimal,original,low,minimal,low,0,0,0,0,0,1.0,0.0,0.0,0.0,0.0,0.0,0.0,0.0
116,Vive L'Amour,1994,7.87,0.619,,,,,,Tsai Ming-liang,R,R,22 Jul 1996,118 min,118,"Drama, Romance",Drama,Romance,7.3,7.3,5080,0.0,0.0,2.0,9 wins & 3 nominations total,"Tsai Ming-liang, Yi-chun Tsai, Pi-ying Yang","Chen Chao-jung, Kang-sheng Lee, Kuei-Mei Yang","The film focuses on three city folks who unknowingly share the same apartment: Mei, a real estate agent who uses it for her sexual affairs; Ah-jung, her current lover; and Hsiao-ang, who's stolen the key and uses the apartment as a retreat.",Mandarin,Taiwan,tt0109066,movie,N/A,N/A,N/A,emotional,medium,intimate,love,female,linear,neutral,minimal,original,low,minimal,low,0,0,0,0,0,1.0,0.0,0.0,0.0,1.0,0.0,0.0,0.0
117,Wanjia denghuo,1948,7.82,0.613,,,,,,Fu Shen,Not Rated,Not Rated,N/A,124 min,124,Drama,Drama,Unknown,7.1,7.1,158,0.0,0.0,1.0,1 win total,"Fu Shen, Hansheng Yang","Ma Lan, Yunzhu Shangguan, Qiaqia Shi","This tale of familial warfare and sacrifice takes place in hard-pressed Shanghai at the end of the 1940s. Hu Zhiqing can barely support his wife and children, and his situation is worsened by the unexpected arrival of his mother, brother and sister-in-law. When he is fired by his unscrupulous boss, the whole family becomes embroiled in one emotional/economic struggle after another.",Mandarin,China,tt0195402,movie,N/A,N/A,N/A,emotional,slow,intimate,"family, justice",male,linear,neutral,minimal,original,low,minimal,low,0,0,0,0,0,1.0,0.0,0.0,0.0,0.0,0.0,0.0,0.0
118,Xiao Wanyi,1933,7.687,0.602,,,,,,Yu Sun,N/A,N/A,10 Oct 1933,114 min,114,"Drama, War",Drama,War,6.9,6.9,230,0.0,0.0,0.0,N/A,Yu Sun,"Lingyu Ruan, Congmei Yuan, Li-li Li","Sister Ye is the master craftswoman in a village of toymakers that is subject to outside attacks. A series of personal tragedies reduces her to a shell of herself, until she breaks and rallies the townsfolk to fight their oppressors.",None,China,tt0121890,movie,N/A,N/A,N/A,emotional,medium,"epic, intimate",general,female,linear,neutral,minimal,original,low,minimal,low,0,0,0,0,0,1.0,0.0,0.0,0.0,0.0,0.0,0.0,0.0
119,Yellow Earth,1984,7.792,0.636,,,,,,Kaige Chen,TV-PG,TV-PG,N/A,89 min,89,"Drama, History, Music",Drama,History,7.1,7.1,2701,0.0,0.0,2.0,8 wins & 5 nominations total,"Kaige Chen, Lan Ke, Ziliang Zhang","Xueqi Wang, Bai Xue, Quiang Liu","'Yellow Earth' focuses on the story of a communist soldier who is sent to the countryside to collect folk songs for the Communist Revolution. There he stays with a peasant family and learns that the happy songs he was sent to collect do not exist; the songs he finds are about hardship and suffering. He returns to the army, but promises to come back for the young girl, Cuiqiao, who has been spell-bound by his talk of the freedom women have under communist rule and who wants to join the Communist Army.",Mandarin,China,tt0087433,movie,N/A,N/A,N/A,emotional,fast,intimate,family,male,linear,neutral,growth,original,low,minimal,low,0,0,0,0,0,1.0,0.0,0.0,1.0,0.0,0.0,0.0,0.0
120,Ying lie qian qiu,1976,7.832,0.612,,,,,,Shan-Hsi Ting,N/A,N/A,19 Jul 1976,116 min,116,"Drama, War",Drama,War,7.0,7.0,43,0.0,0.0,0.0,N/A,Shan-Hsi Ting,"Zhen Zhen, Chun-Hsiung Ko, Sha-Li Chen","Gen. Cheng Tsu-chung, the ""Mars of China"", is held in high esteem by his Japanese counterpart, General Itagaki during Sino-Japanese war.","Mandarin, Japanese",Taiwan,tt1464605,movie,N/A,N/A,N/A,emotional,medium,"epic, intimate",general,male,linear,neutral,minimal,original,low,minimal,low,0,0,0,0,0,1.0,0.0,0.0,0.0,0.0,0.0,0.0,0.0
121,Yu guang qu,1934,7.486,0.582,,,,,,Chusheng Cai,N/A,N/A,14 Jun 1934,56 min,56,Drama,Drama,Unknown,6.4,6.4,145,0.0,0.0,1.0,1 win,Chusheng Cai,"Renmei Wang, Langen Han, Peng Luo","The story is about a fisherman's family living near to Shanghai. In the beginning, twin babies are born, a boy and a girl. Their growing-up is briefly sketched, and their friendship with ""young master"", a boy from rich family about their age.",Mandarin,China,tt1002784,movie,N/A,N/A,N/A,emotional,fast,intimate,"family, friendship",unknown,linear,neutral,growth,original,low,minimal,low,0,0,0,0,0,1.0,0.0,0.0,0.0,0.0,0.0,0.0,0.0
122,Zhong qiu yue,1953,5.18,0.309,,,,,,Shilin Zhu,N/A,N/A,10 Sep 1953,93 min,93,N/A,Unknown,Unknown,0.0,0.0,0,0.0,0.0,0.0,N/A,Ji Shen,"Qiuxia Gong, Fei Han, Hua Jiang",A financially struggling office worker goes into debt in order to afford traditional holiday gifts for his boss and landlord.,Mandarin,Hong Kong,tt0205594,movie,N/A,N/A,N/A,neutral,medium,conventional,general,male,linear,neutral,minimal,original,low,minimal,low,0,0,0,0,0,0.0,0.0,0.0,0.0,0.0,0.0,0.0,0.0
123,Zu: Warriors from the Magic Mountain,1983,7.37,0.551,,,,,,Hark Tsui,Unrated,Unrated,N/A,98 min,98,"Action, Adventure, Fantasy",Action,Adventure,6.6,6.6,3276,0.0,0.0,1.0,5 nominations total,"Chung-Yuet Shui, Cheuk-Hon Szeto","Biao Yuen, Hoi Mang, Adam Cheng","A college student (Yuen Biao) at a university in Canada is a fencing champion and when he has an accident one day, he ""dreams"" of being transported to ancient China and enters a conflict on Zu, the Magic Mountain. At the end of the story, he regains consciousness (this is in the longer English international version). The first and shorter version is about a warrior (Yuen Biao) who has become disillusioned with the constant civil wars in China and goes to the Magic Mountain. There he encounters ghosts and devils, and also good masters and their disciples who are out to stop the Blood Monster and his demons from destroying the world.",Cantonese,Hong Kong,tt0086308,movie,N/A,N/A,N/A,exciting,fast,surreal,general,male,surreal,neutral,minimal,original,low,practical_effects,low,0,0,0,0,0,0.0,0.0,0.0,0.0,0.0,1.0,1.0,0.0
