Title,Position,Const,Created,Modified,Description,Original Title,URL,Title Type,IMDb Rating,Runtime (mins),Year,Genres,Num Votes,Release Date,Directors,Your Rating,Date Rated,Film (Year),Director,Country / Primary Language,Male / Female Narrative,Main Awards & Recognition,Keywords / Tags,Female Critiques,Reasons for Alignment with The Hours' Themes,,,,,,
The Silence of Swastika,51,tt16747572,2025-08-10,2025-08-10,,The Silence of Swastika,https://www.imdb.com/title/tt16747572/,Movie,8.9,56,2021,"Documentary, History",10663,12/30/2021,Anuj Bhardwaj,,,The Silence of Swastika,N/A (Film not found),N/A,N/A,N/A,N/A,N/A,,,Region,Country,Film (Year),Director,Why It Fits
The Last Fishing Boat,23,tt22042288,2025-08-10,2025-08-10,,The Last Fishing Boat,https://www.imdb.com/title/tt22042288/,Movie,8.5,110,2012,Drama,31,11/1/2012,Shemu Joyah,,,The Last Fishing Boat,N/A (Film not found),N/A,N/A,N/A,N/A,N/A,,,SOUTH ASIA,India,Fire (1996),Deepa Mehta,Explores forbidden lesbian love and marital repression in Delhi.
The Newspaper,65,tt9711868,2025-08-10,2025-08-10,,The Newspaper,https://www.imdb.com/title/tt9711868/,Movie,8.5,90,2020,Drama,403,7/2/2020,"Sarath Kothalawala, Kumara Thirimadura",,,The Newspaper,N/A (Film not found),N/A,N/A,N/A,N/A,N/A,,,Pakistan,Joyland (2022),Saim Sadiq,A trans woman’s relationship shakes a conservative family (Cannes winner).,
The Crow's Egg,64,tt3973410,2025-08-10,2025-08-10,,Kaakkaa Muttai,https://www.imdb.com/title/tt3973410/,Movie,8.3,109,2014,"Comedy, Drama",9044,6/5/2015,M. Manikandan,,,The Crow's Egg (2014),M. Manikandan,India / Tamil,Male (Two slum children's perspective),National Film Award (India),"Poverty, Slum-life, Pizza, Capitalism, Innocence",Mother's character is peripheral; story is driven by boys' adventures.,,,Bangladesh,The Crow’s Egg (2014),Mostofa Sarwar Farooki,A widow’s struggle in Dhaka’s slums (rare female-led Bangladeshi drama).,
The No. 1 Ladies' Detective Agency,4,tt1356380,2025-08-10,2025-08-10,,The No. 1 Ladies' Detective Agency,https://www.imdb.com/title/tt1356380/,TV Series,8.2,60,2008,"Comedy, Crime, Drama, Family, Mystery",4142,3/29/2009,,,,,,,,,,,,,,,,,
José and Pilar,8,tt1789810,2025-08-10,2025-08-10,,José e Pilar,https://www.imdb.com/title/tt1789810/,Movie,8.2,117,2010,"Documentary, Biography",2552,4/1/2012,Miguel Gonçalves Mendes,,,José and Pilar (2010),Miguel Gonçalves Mendes,Portugal / Portuguese,Balanced (Focus on couple José Saramago & Pilar del Río),Sophia Award (Portugal),"Author, Biography, Marriage, Legacy, Creativity",Pilar is the supportive wife; film centers on José's genius and illness.,,,Sri Lanka,The Newspaper (2021),Sarath Kothalawala,A female journalist confronts trauma during civil war.,
Impuros,6,tt9070896,2025-08-10,2025-08-10,,Impuros,https://www.imdb.com/title/tt9070896/,TV Series,8.1,60,2018,"Action, Crime, Drama",1151,10/19/2018,,,,,,,,,,,,,,,,,
Tangerines,87,tt2991224,2025-08-12,2025-08-12,,Mandariinid,https://www.imdb.com/title/tt2991224/,Movie,8.1,87,2013,"Drama, War",50998,4/17/2015,Zaza Urushadze,,,Tangerines (2013),Zaza Urushadze,"Georgia / Estonian, Russian",Male (Elderly man mediates between soldiers),Oscar & Golden Globe Nominee,"Estonia, Caucasus War, Truce, Humanity, Rural",Almost no female characters; a story of male conflict and reconciliation.,,,Nepal,Timi Sanga (2018),Tsering Rhitar Sherpa,A married woman’s affair and existential crisis.,
Honeyland,75,tt8991268,2025-08-12,2025-08-12,,Medena zemja,https://www.imdb.com/title/tt8991268/,Movie,8,89,2019,Documentary,20173,7/26/2019,"Tamara Kotevska, Ljubomir Stefanov",,,Honeyland (2019),"Tamara Kotevska, Ljubomir Stefanov","North Macedonia / Turkish, Macedonian",Female (Beekeeper Hatidze's life),Oscar Nom. (Doc & Int'l Film),"Beekeeping, Nature, Exploitation, Mother-Daughter",A powerful portrait of female resilience against patriarchal neighbors.,"Complex Female Narrative: A stunning portrait of female autonomy and resilience. Hatidze is the author of her own life, living by a code (""take half, leave half"") in harmony with nature. Anguish: Her peaceful existence is shattered by patriarchal, capitalist forces, leading to profound loss. Artistic Expression: The cinematography itself is a form of poetic expression, framing her life with the beauty and harshness of her surroundings.",,CENTRAL ASIA,Kazakhstan,Harmony Lessons (2013),Emir Baigazin,"Not female-directed, but a poetic study of adolescent isolation."
"4 Months, 3 Weeks and 2 Days",81,tt1032846,2025-08-12,2025-08-12,,"4 luni, 3 saptamâni si 2 zile",https://www.imdb.com/title/tt1032846/,Movie,7.9,113,2007,Drama,65103,9/14/2007,Cristian Mungiu,,,"4 Months, 3 Weeks and 2 Days (2007)",Cristian Mungiu,Romania / Romanian,Female (Two friends seeking an abortion),Palme d'Or (Cannes),"Communist Romania, Abortion, Friendship, Oppression","A harrowing, feminist masterpiece exposing the horrors of controlling female bodies.","Complex Female Narrative: A harrowing, real-time look at female solidarity and the brutal realities of controlling female bodies. The narrative is entirely driven by the women's actions and suffering. Anguish: The core of the film is pure, visceral anguish—fear, pain, and moral compromise under oppression. Artistic Expression: Cristian Mungiu's unflinching long takes and minimalist style create an immersive, almost unbearable intimacy.",,Uzbekistan,40 Days of Silence (2014),Saodat Ismailova,Four generations of women confront buried secrets.,
Embrace of the Serpent,83,tt4285496,2025-08-12,2025-08-12,,El abrazo de la serpiente,https://www.imdb.com/title/tt4285496/,Movie,7.8,125,2015,"Adventure, Biography, Drama",25508,5/25/2015,Ciro Guerra,,,Embrace of the Serpent (2015),Ciro Guerra,Colombia / Various Indigenous,Male (Two timelines with male explorers/shaman),Oscar Nominee (Int'l Film),"Amazon, Colonialism, Shamanism, Nature, Journey",Indigenous women are background figures in a male-centric spiritual journey.,,,Tajikistan,Bread and Salt (2022),Badakhshi,A rural midwife’s quiet rebellion.,
La estrategia del caracol,47,tt0109747,2025-08-10,2025-08-10,,La estrategia del caracol,https://www.imdb.com/title/tt0109747/,Movie,7.7,116,1993,"Comedy, Drama",3015,12/25/1993,Sergio Cabrera,,,La Estrategia del Caracol (1993),Sergio Cabrera,Colombia / Spanish,Ensemble (Community of tenants),International acclaim,"Eviction, Community, Solidarity, Slum, Comedy",Women participate in the struggle but are not the central strategists.,,,WEST ASIA,Iran,The Apple (1998),Samira Makhmalbaf,True story of sisters locked away by their father.
The Terrorizers,73,tt0091355,2025-08-10,2025-08-10,,Kong bu fen zi,https://www.imdb.com/title/tt0091355/,Movie,7.7,109,1986,"Crime, Drama",6005,12/19/1986,Edward Yang,,,The Terrorizers (1986),Edward Yang,Taiwan / Mandarin,Ensemble (Interwoven urban stories),Critically acclaimed,"Urban Alienation, Chance, Photography, Fragmentation","Female characters (a writer, a mistress) are objects of male gaze/desire.",,,Turkey,Mustang (2015),Deniz Gamze Ergüven,Five sisters rebelling against forced marriages (like The Virgin Suicides).,
Moolaadé,5,tt0416991,2025-08-10,2025-08-10,,Moolaadé,https://www.imdb.com/title/tt0416991/,Movie,7.6,124,2003,Drama,4322,3/9/2005,Ousmane Sembene,,,Moolaadé (2004),Ousmane Sembène,"Senegal / French, Bambara",Female (Women's rebellion against FGM),Cannes (Un Certain Regard),"Female Genital Mutilation, Village, Rebellion, Women","A seminal feminist film from Africa, celebrating female solidarity and power.","Complex Female Narrative: The ultimate film about female authorship and rebellion. The protagonist, Collé, uses an ancient spell of protection (moolaadé) to author a new reality for the girls in her village, defying male elders. Anguish: The film confronts the physical and psychological anguish of FGM directly. Artistic Expression: Ousmane Sembène uses vibrant colors, music, and powerful symbolism to tell a story of triumphant female resistance.",,Lebanon,Capernaum (2018),Nadine Labaki,A boy sues his parents for birthing him into poverty (female anguish central).,
The Perfect Picture,16,tt1929410,2025-08-10,2025-08-10,,The Perfect Picture,https://www.imdb.com/title/tt1929410/,Movie,7.6,125,2009,Comedy,31,2009,Shirley Frimpong-Manso,,,The Perfect Picture (2009),Shirley Frimpong-Manso,Ghana / English,Female (Three friends seeking love),Box office success,"Romance, Comedy, Accra, Friendship, Modern Women",A light comedy praised for depicting modern African women's desires.,"Alignment: A lighter take, but aligns in its focus on female authorship. It's about three modern Ghanaian women actively writing the stories of their own love lives and careers, navigating the tension between tradition and independence. It explores the anguish of romantic disappointment and societal pressure with a comedic, but insightful, touch.",,Palestine,200 Meters (2020),Ameen Nayfeh,A father separated from his family by the West Bank wall.,
Joyland,63,tt19719976,2025-08-10,2025-08-10,,Joyland,https://www.imdb.com/title/tt19719976/,Movie,7.6,126,2022,"Comedy, Crime, Drama",7841,11/18/2022,Saim Sadiq,,,Joyland (2022),Saim Sadiq,"Pakistan / Urdu, Punjabi",Ensemble (Family rocked by trans romance),"Cannes Jury Prize, Oscar Nom.","Transgender, Patriarchy, Desire, Family Secrets, Lahore",A groundbreaking critique of patriarchy and exploration of queer/female desire.,"Complex Female Narrative: While centered on a male protagonist, the film's most powerful critiques and emotional depths belong to its female (and trans) characters. It explores the anguish of repressed female desire (Mumtaz) and the struggle for a trans woman (Biba) to exist authentically. Artistic Expression: A beautifully shot, quietly devastating critique of patriarchy that gives voice to the silenced.",,Israel,The Unorthodox (2018),Eliran Malka,A mother fights for her expelled daughter’s education.,
Ju Dou,76,tt0099902,2025-08-12,2025-08-12,,Ju Dou,https://www.imdb.com/title/tt0099902/,Movie,7.6,95,1990,"Drama, Romance",9449,4/1/1991,"Yimou Zhang, Fengliang Yang",,,Ju Dou (1990),"Zhang Yimou, Yang Fengliang",China / Mandarin,Female (Ju Dou's oppression and rebellion),Oscar Nominee (Int'l Film),"Adultery, Dye Mill, Patriarchy, Color, Tragedy",A tragic portrait of female sexuality crushed by oppressive patriarchal systems.,"Complex Female Narrative: Ju Dou's entire life is a battle against the oppressive patriarchal structure of the dye mill. Her sexuality and desire for freedom are the engine of the plot. Anguish: Her anguish is relentless, as every attempt at escape or happiness is crushed. Artistic Expression: The film is an artistic tour de force, using vivid, suffocating colors and dramatic lighting to externalize her inner turmoil.",,EAST ASIA,Japan,Shoplifters (2018),Hirokazu Kore-eda,A makeshift family’s hidden pain (Palme d’Or winner).
The Man Without a Past,82,tt0311519,2025-08-12,2025-08-12,,Mies vailla menneisyyttä,https://www.imdb.com/title/tt0311519/,Movie,7.6,97,2002,"Comedy, Drama, Romance",28201,3/1/2002,Aki Kaurismäki,,,The Man Without a Past (2002),Aki Kaurismäki,Finland / Finnish,Male (Amnesiac's new life),Cannes Grand Prix,"Amnesia, Homelessness, Deadpan, Community, Love",The female love interest (Irma) is a quirky salvation figure for the male lead.,,,South Korea,The Handmaiden (2016),Park Chan-wook,Erotic thriller with lesbian themes and betrayal.,
Shine,91,tt0117631,2025-08-12,2025-08-12,,Shine,https://www.imdb.com/title/tt0117631/,Movie,7.6,105,1996,"Biography, Drama, Music, Romance",58279,2/14/1997,Scott Hicks,9,2024-06-30,,,,,,,,,,,,,,
Pray the Devil Back to Hell,20,tt1202203,2025-08-10,2025-08-10,,Pray the Devil Back to Hell,https://www.imdb.com/title/tt1202203/,Movie,7.5,72,2008,Documentary,590,5/8/2009,Gini Reticker,,,Pray the Devil Back to Hell (2008),Gini Reticker,Liberia / English,Female (Women's peace movement),Tribeca Film Festival Award,"Liberia, Civil War, Women's Rights, Peace, Activism",A powerful documentary about women forcing an end to war.,"Complex Female Narrative: The real-life, ultimate story of female authorship on a societal scale. The women of Liberia literally authored peace, forcing an end to a civil war. Anguish: The anguish of war, loss, and violence is the catalyst for their incredible action. Artistic Expression: A powerful documentary that bears witness to the strength of collective female action.",,China,The Last Emperor (1987),Bernardo Bertolucci,"Not female-directed, but Empress Wanrong’s despair mirrors The Hours.",
Yesterday,36,tt0419279,2025-08-10,2025-08-10,,Yesterday,https://www.imdb.com/title/tt0419279/,Movie,7.5,90,2004,Drama,2557,9/3/2004,Darrell Roodt,,,Yesterday (2004),Darrell Roodt,South Africa / Zulu,Female (Mother with AIDS),Oscar Nominee (Int'l Film),"HIV/AIDS, Motherhood, Rural Village, Poverty","A poignant but criticized as a ""poverty porn"" narrative of a suffering woman.",Complex Female Narrative & Anguish: The entire film is a portrait of a mother's anguish as she faces her own mortality from AIDS and fights to secure a future for her daughter. It's a deeply emotional story of maternal love and resilience in the face of overwhelming hardship.,,Taiwan,The Terrorizers (1986),Edward Yang,A photographer’s wife unravels (existential angst).,
Omar,78,tt2852406,2025-08-12,2025-08-12,,Omar,https://www.imdb.com/title/tt2852406/,Movie,7.5,98,2013,"Crime, Drama, Romance, Thriller, War",16086,8/1/2013,Hany Abu-Assad,,,Omar (2013),Hany Abu-Assad,Palestine / Arabic,Male (Palestinian informant's dilemma),Oscar Nominee (Int'l Film),"Occupation, Betrayal, Love, Trust, Thriller",The female character is a motivator for the male protagonist's actions.,,,Hong Kong,Rouge (1987),Stanley Kwan,A ghostly courtesan seeks her lover (melancholic and lush).,
Birds of Passage,84,tt6386748,2025-08-12,2025-08-12,,Pájaros de verano,https://www.imdb.com/title/tt6386748/,Movie,7.5,125,2018,"Crime, Drama",13715,2/13/2019,"Cristina Gallego, Ciro Guerra",,,Birds of Passage (2018),"Ciro Guerra, Cristina Gallego","Colombia / Wayuu, Spanish",Balanced (Clan's downfall in drug trade),Cannes Directors' Fortnight,"Indigenous, Drug Trade, Tradition, Family, Greed",Co-directed by a woman; focuses on matriarchal power within a clan.,,,,,,,
Lunana: A Yak in the Classroom,98,tt10189300,2025-08-12,2025-08-12,,Lunana,https://www.imdb.com/title/tt10189300/,Movie,7.5,110,2019,"Drama, Family",8024,2/1/2020,Pawo Choyning Dorji,,,Lunana: A Yak in the Classroom (2019),Pawo Choyning Dorji,Bhutan / Dzongkha,Male (City teacher's journey to remote village),Oscar Nominee (Int'l Film),"Bhutan, Teacher, Rural, Happiness, Culture Clash",Female characters are traditional and supportive of the male protagonist's growth.,,,Algeria,Rachida (2002),"A female teacher faces terror in the Algerian Civil War—raw, feminist, and haunting.",,
Cairo 678,11,tt1764141,2025-08-10,2025-08-10,,678,https://www.imdb.com/title/tt1764141/,Movie,7.4,100,2010,Drama,4958,12/22/2010,Mohamed Diab,,,Cairo 678 (2010),Mohamed Diab,Egypt / Arabic,Female (Three women fighting sexual harassment),Dubai Film Festival,"Sexual Harassment, Cairo, Justice, Solidarity, Class","A bold, feminist film directly confronting misogyny in public spaces.","Complex Female Narrative: Follows three women from different social classes who are united by the shared experience of sexual harassment. It's about them authoring their own resistance and reclaiming power. Anguish: The film is fueled by the daily, grinding anguish of misogyny and the trauma of assault. Artistic Expression: A bold, direct, and emotionally charged social drama that gives voice to a collective female experience.",,Angola,Njinga: Queen of Angola (2013),"Biopic of the warrior queen who resisted colonialism—power, gender, and defiance.",,
Talking About Trees,21,tt9658178,2025-08-10,2025-08-10,,Talking About Trees,https://www.imdb.com/title/tt9658178/,Movie,7.4,93,2019,Documentary,891,12/18/2019,Suhaib Gasmelbari,,,Talking About Trees (2019),Suhaib Gasmelbari,Sudan / Arabic,Male (Four elderly male filmmakers),Berlin (Best Documentary),"Cinema, Friendship, Sudan, Nostalgia, Resistance","A celebration of film, but exclusively from a male, elder perspective.",,,Benin,The Night of Truth (2004),Post-war trauma through women’s eyes; poetic and brutal.,,
Jibun no ana no nakade,22,tt0326991,2025-08-10,2025-08-10,,Jibun no ana no nakade,https://www.imdb.com/title/tt0326991/,Movie,7.4,125,1955,Drama,58,9/28/1955,Tomu Uchida,,,Jibun no ana no nakade (1970s),N/A (Film not found),N/A,N/A,N/A,N/A,N/A,,,Botswana,The No. 1 Ladies’ Detective Agency (2008),Gentle but profound female sleuth navigating love and crime.,,
Strawberry & Chocolate,49,tt0106966,2025-08-10,2025-08-10,,Fresa y chocolate,https://www.imdb.com/title/tt0106966/,Movie,7.4,108,1993,"Comedy, Drama, Romance",6246,1/20/1995,"Tomás Gutiérrez Alea, Juan Carlos Tabío",,,Strawberry & Chocolate (1993),"Tomás Gutiérrez Alea, Juan C. Tabío",Cuba / Spanish,Male (Friendship between a gay man & a communist),Oscar Nominee (Int'l Film),"Gay Rights, Communism, Friendship, Intolerance, Havana",The female character (neighbor) is a promiscuous stereotype; focus is on male bond.,,,Burkina Faso,Moolaadé (2004),Female-led rebellion against genital mutilation—Ousmane Sembène’s masterpiece.,,
The Unorthodox,72,tt8657696,2025-08-10,2025-08-10,,Ha-bilti rishmi'im,https://www.imdb.com/title/tt8657696/,Movie,7.4,92,2018,"Comedy, Drama, History",278,7/26/2018,Eliran Malka,,,The Unorthodox (2018),Eliran Malka,Israel / Hebrew,Male (Father's fight for his daughter),Ophir Award Nominee,"Sephardic, Politics, Education, Discrimination, Family",A father's crusade; the daughter is the passive object being fought for.,,,Burundi,Imfura (2018),A woman’s grief after genocide; slow-burning and lyrical.,,
Paradise Now,77,tt0445620,2025-08-12,2025-08-12,,Paradise Now,https://www.imdb.com/title/tt0445620/,Movie,7.4,91,2005,"Crime, Drama, Thriller, War",24661,11/18/2005,Hany Abu-Assad,8,2025-05-12,,,,,,,,,,,,,,
Corn Island,86,tt1863192,2025-08-12,2025-08-12,,Simindis kundzuli,https://www.imdb.com/title/tt1863192/,Movie,7.4,100,2014,"Drama, War",4805,9/17/2014,George Ovashvili,,,,,,,,,,,,Cameroon,The Fisherman’s Diary (2020),Girl fights for education in a patriarchal village—anguish and hope.,,
Himalaya,92,tt0210727,2025-08-12,2025-08-12,,Himalaya - l'enfance d'un chef,https://www.imdb.com/title/tt0210727/,Movie,7.4,108,1999,Drama,5924,6/22/2001,"Eric Valli, Michel Debats",,,,,,,,,,,,Cape Verde,José e Pilar (2010),"Not strictly female-led, but a tender portrait of love and mortality (like The Hours).",,
The Night of Truth,3,tt0424318,2025-08-10,2025-08-10,,La nuit de la vérité,https://www.imdb.com/title/tt0424318/,Movie,7.3,100,2004,Drama,348,7/6/2005,Fanta Régina Nacro,,,,,,,,,,,,Chad,Grisgris (2013),A disabled dancer’s struggle—visceral and poetic.,,
Harmony Lessons,67,tt2385101,2025-08-10,2025-08-10,,Uroki garmonii,https://www.imdb.com/title/tt2385101/,Movie,7.3,120,2013,Drama,1088,12/5/2013,Emir Baigazin,,,,,,,,,,,,DR Congo,Mama Colonel (2017),Documentary about a female cop protecting rape survivors—harrowing and heroic.,,
Rouge,74,tt0093258,2025-08-10,2025-08-10,,Yin ji kau,https://www.imdb.com/title/tt0093258/,Movie,7.3,93,1987,"Drama, Fantasy, Music, Mystery, Romance",3880,1/7/1988,Stanley Kwan,,,,,,,,,,,,Egypt,Cairo 678 (2010),Three women combat sexual harassment—furious and cathartic.,,
The Scent of Green Papaya,88,tt0107617,2025-08-12,2025-08-12,,Mùi du du xanh,https://www.imdb.com/title/tt0107617/,Movie,7.3,104,1993,"Drama, Music, Romance",10782,1/28/1994,Anh Hung Tran,,,The Scent of Green Papaya (1993),Tran Anh Hung,Vietnam / Vietnamese,Female,"Oscar Nominee, Cannes Camera d'Or","Servant's Life, Colonial Vietnam, Sensory, Coming-of-age",Passive female lead; male-gazed idealization of silence.,"Artistic Expression: A visually poetic, sensory masterpiece where the camera lingers on details, externalizing the protagonist's inner world. Female Narrative: Follows a woman's entire life journey from servant to a complex emotional being, exploring her quiet interiority.",,Eritrea,Daughters of the Sun (1990),Rare Eritrean film about female fighters in the independence war.,,
The Missing Picture,94,tt2852470,2025-08-12,2025-08-12,,L'image manquante,https://www.imdb.com/title/tt2852470/,Movie,7.3,92,2013,Documentary,3669,3/19/2014,Rithy Panh,,,The Missing Picture (2013),Rithy Panh,Cambodia / French,Male,Cannes (Un Certain Regard),"Khmer Rouge, Genocide, Clay Figures, Documentary, Memory","A deeply personal, male-authored memoir of trauma.","Limited Alignment: A profound and artistic film about memory and anguish, but the narrative is the director's personal, male experience of the Killing Fields.",,Eswatini,Liyana (2017),Animated/docu hybrid about a girl crafting her own story.,,
Adam,26,tt10199664,2025-08-10,2025-08-10,,Adam,https://www.imdb.com/title/tt10199664/,Movie,7.2,98,2019,Drama,2181,3/5/2021,Maryam Touzani,10,2025-09-04,,,,,,,,,,,,,,
Mossane,32,tt0117088,2025-08-10,2025-08-10,,Mossane,https://www.imdb.com/title/tt0117088/,Movie,7.2,105,1996,Drama,149,5/28/1998,Safi Faye,,,Mossane (1996),Safi Faye,Senegal / Serer,Female,FESPACO,"14-year-old beauty, Forced Marriage, Spirituality, Tradition",Centered on female agency vs. patriarchal control.,"Complex Female Narrative: The titular Mossane is desired by all, but the film is about her own desires and tragic struggle for autonomy. Anguish: The profound anguish of being a commodity and the spiritual weight of tradition.",,Ethiopia,Difret (2014),True story of a girl who kills her rapist—legal drama meets feminist outcry.,,
Antes que cante el gallo,58,tt5354386,2025-08-10,2025-08-10,,Antes que cante el gallo,https://www.imdb.com/title/tt5354386/,Movie,7.2,98,2016,Drama,232,9/8/2016,Ari Maniel Cruz,,,,,,,,,,,,Gabon,Dôlè (2000),"Street kids’ survival, with a fierce girl at the center.",,
The Apple,70,tt0156901,2025-08-10,2025-08-10,,Sib,https://www.imdb.com/title/tt0156901/,Movie,7.2,86,1998,Drama,2841,2/19/1999,Samira Makhmalbaf,,,The Apple (1998),Samira Makhmalbaf,Iran / Persian,Female,Cannes (Special Mention),"Confined Sisters, Social Experiment, Neorealism",Critique of patriarchal control masquerading as care.,Complex Female Narrative: A daring film about two girls discovering the world after being locked away. It's about female emergence and authorship of one's own life. Artistic Expression: Blurs line between documentary and fiction for raw impact.,,Gambia,The Hand of Fate (2019),A widow’s spiritual journey—quiet and mystical.,,
200 Meters,71,tt12246266,2025-08-10,2025-08-10,,200 Meters,https://www.imdb.com/title/tt12246266/,Movie,7.2,96,2020,"Adventure, Drama",2418,11/18/2022,Ameen Nayfeh,,,,,,,,,,,,Ghana,The Perfect Picture (2009),"Female friendships, love, and societal pressure—witty yet deep.",,
Children of Nature,79,tt0101526,2025-08-12,2025-08-12,,Börn náttúrunnar,https://www.imdb.com/title/tt0101526/,Movie,7.2,82,1991,"Drama, Romance",1671,8/1/1991,Friðrik Þór Friðriksson,,,Children of Nature (1991),Friðrik Þór Friðriksson,Iceland / Icelandic,Balanced,Oscar Nominee,"Elderly, Nursing Home Escape, Icelandic Landscape",The female co-lead is crucial but the journey is initiated by the man.,"Limited Alignment: A poignant film about aging and freedom, but not a deeply complex exploration of female interiority in the way The Hours achieves.",,Guinea,Dakan (1997),First African film about lesbian love—banned but groundbreaking.,,
Mama Colonel,10,tt7133098,2025-08-10,2025-08-10,,Mama Colonel,https://www.imdb.com/title/tt7133098/,Movie,7.1,72,2017,Documentary,86,11/12/2017,Dieudo Hamadi,,,,,,,,,,,,Ivory Coast,Run (2014),A woman flees forced marriage—gritty and urgent.,,
The White Line,28,tt9093870,2025-08-10,2025-08-10,,The White Line,https://www.imdb.com/title/tt9093870/,Movie,7.1,100,2019,"Drama, History, Romance",117,10/15/2021,Desiree Kahikopo-Meiffret,,,,,,,,,,,,Kenya,Rafiki (2018),Lesbian love story banned in Kenya—vibrant and heartbreaking.,,
Maangamizi: The Ancient One,38,tt0236461,2025-08-10,2025-08-10,,Maangamizi: The Ancient One,https://www.imdb.com/title/tt0236461/,Movie,7.1,110,1999,Drama,83,2/18/2001,"Martin Mhando, Ron Mulvihill",,,Maangamizi: The Ancient One (2001),Mhando & Suba,"Tanzania / Swahili, English",Female,Acclaimed at Pan-African fests,"Mental Hospital, Ancestral Healing, Spirituality, Women",A visionary film about intergenerational female healing.,"High Alignment: A deeply spiritual and artistic film centered on the complex relationship between a patient, a doctor, and an ancestral figure. It's about women healing each other's anguish across time.",,Lesotho,"This Is Not a Burial, It’s a Resurrection (2019)","An old woman’s fight against displacement—visually stunning, deeply moving.",,
Beauty and the Dogs,40,tt6776572,2025-08-10,2025-08-10,,Aala kaf ifrit,https://www.imdb.com/title/tt6776572/,Movie,7.1,100,2017,"Crime, Drama, Thriller",2886,10/18/2017,Kaouther Ben Hania,,,Beauty and the Dogs (2017),Kaouther Ben Hania,"Tunisia / Arabic, French",Female,Cannes (Un Certain Regard),"Sexual Assault, Police Corruption, One Night, Real-Time","A harrowing, real-time account of a woman fighting for justice.","Anguish & Female Narrative: A visceral, claustrophobic film about the aftermath of trauma. The protagonist's relentless fight to author her own story against a hostile system is profoundly aligned with The Hours.",,Liberia,Pray the Devil Back to Hell (2008),Docu about women ending Liberia’s civil war—powerful activism.,,
Ixcanul,52,tt4135844,2025-08-10,2025-08-10,,Ixcanul,https://www.imdb.com/title/tt4135844/,Movie,7.1,93,2015,Drama,3389,11/25/2015,Jayro Bustamante,,,Ixcanul (2015),Jayro Bustamante,Guatemala / Kaqchikel,Female,Berlin (Silver Bear),"Indigenous Girl, Volcano, Pregnancy, Tradition vs. Modern",A stark look at how indigenous female bodies are marginalized.,"Complex Female Narrative & Anguish: A potent, atmospheric film about a young woman whose desires and traumatic experience are silenced by multiple layers of oppression—patriarchal and colonial.",,Libya,Talking About Trees (2019),Female-directed docu on aging filmmakers—melancholic and meta.,,
Fire,62,tt0116308,2025-08-10,2025-08-10,,Fire,https://www.imdb.com/title/tt0116308/,Movie,7.1,104,1996,"Crime, Drama, Romance",6649,8/22/1997,Deepa Mehta,,,Fire (1996),Deepa Mehta,"India / English, Hindi",Female,"Toronto, Festival acclaim","Lesbian Romance, Repressed Sisters-in-Law, Tradition","A landmark, controversial film about female sexuality and liberation.",Sexuality & Anguish: Directly explores repressed female sexuality and the anguish of marital confinement. The women's relationship is an act of authorship against patriarchal tradition.,,Madagascar,Zanaka (1955),Rare early Malagasy film with strong female lead.,,
What Happened to Santiago,93,tt0097766,2025-08-12,2025-08-12,,Lo que le pasó a Santiago,https://www.imdb.com/title/tt0097766/,Movie,7.1,105,1989,"Comedy, Drama, Romance",306,11/1/1989,Jacobo Morales,,,,,,,,,,,,Malawi,The Last Fishing Boat (2013),AMAA-winning drama about a widow’s resilience.,,
You Will Die at 20,37,tt9686154,2025-08-10,2025-08-10,,You Will Die at Twenty,https://www.imdb.com/title/tt9686154/,Movie,7,103,2019,Drama,2832,1/22/2021,Amjad Abu Alala,,,You Will Die at 20 (2019),Amjad Abu Alala,Sudan / Arabic,Male,Venice (Best Film),"Prophecy, Fate, Coming-of-age, Sufism, Village Life","The mother's anguish is a key driver, but the story is the son's.","Limited Alignment: The mother's character embodies deep anguish, but the film's central narrative is the male protagonist's psychological and spiritual journey.",,Mali,Yeelen (1987),"Not female-directed, but the goddess figure Nya is mesmerizing.",,
I Am You,45,tt7011130,2025-08-10,2025-08-10,,I Am You,https://www.imdb.com/title/tt7011130/,Movie,7,89,2019,Drama,697,8/30/2019,Sonia Nassery Cole,,,,,,,,,,,,Mauritania,Timbuktu (2014),A woman’s defiance under jihadist rule—poetic and political.,,
Monster,96,tt9620986,2025-08-12,2025-08-12,,Arracht,https://www.imdb.com/title/tt9620986/,Movie,7,90,2019,Drama,584,9/14/2021,Tom Sullivan,,,Monster (2023),Hirokazu Kore-eda,Japan / Japanese,Ensemble,Cannes (Best Screenplay),"Multiple Perspectives, Motherhood, School, Truth","Brilliantly deconstructs the ""hysterical mother"" trope.","High Alignment: A masterful exploration of subjective truth and maternal anguish. Its complex, Rashomon-like structure deeply aligns with The Hours' interest in the multifaceted nature of female experience and perception.",,Mauritius,The Cathedral (2006),Coming-of-age with a sensitive girl’s perspective.,,
Rachida,1,tt0318011,2025-08-10,2025-08-10,,Rachida,https://www.imdb.com/title/tt0318011/,Movie,6.9,100,2002,Drama,411,1/8/2003,Yamina Bachir,,,Rachida (2002),Yamina Bachir,Algeria / Arabic,Female,"Cannes, Venice","Algerian Civil War, Schoolteacher, Trauma, Resilience",A powerful portrait of female resilience in the face of terror.,Female Narrative & Anguish: Follows a woman reclaiming her life and vocation after a brutal attack. It's about the anguish of a nation embodied in a female struggle for normalcy and peace.,,Morocco,Adam (2019),"Pregnant, unmarried woman seeks redemption—social realism.",,
Difret,13,tt2611390,2025-08-10,2025-08-10,,Difret,https://www.imdb.com/title/tt2611390/,Movie,6.9,99,2014,"Biography, Crime, Drama, History",1423,10/23/2015,Zeresenay Mehari,,,Difret (2014),Zeresenay Berhane Mehari,Ethiopia / Amharic,Female,Sundance (Audience Award),"Telelaw, Child Marriage, Based on True Story, Courtroom",Focuses on a female lawyer fighting for a girl's life.,Complex Female Narrative: Tells a dual female story: a young girl who fights back against abduction and the lawyer who authors a new legal precedent for her. A narrative of female solidarity and courage.,,Mozambique,The Train of Salt and Sugar (2016),Nurse’s wartime journey—female gaze on violence.,,
Yeelen,24,tt0094349,2025-08-10,2025-08-10,,Yeelen,https://www.imdb.com/title/tt0094349/,Movie,6.9,105,1987,"Drama, Fantasy",2945,12/2/1987,Souleymane Cissé,,,,,,,,,,,,Namibia,The White Line (2019),Post-apartheid interracial love—taboo and tender.,,
I Am Not a Witch,42,tt6213284,2025-08-10,2025-08-10,,I Am Not a Witch,https://www.imdb.com/title/tt6213284/,Movie,6.9,93,2017,"Comedy, Drama",4684,9/7/2018,Rungano Nyoni,,,I Am Not a Witch (2017),Rungano Nyoni,"Zambia / Bemba, English",Female,"BAFTA (Outstanding Debut), Cannes","Witch Camp, Satire, Magical Realism, Girlhood",Powerful allegory for the scapegoating and exploitation of women.,"Complex Female Narrative & Anguish: A devastatingly quiet film about a girl labeled a witch. Her silent anguish and the systemic oppression she faces are the core of this sharp, artistic satire.",,Niger,The Wedding Ring (2016),A woman’s choice between love and tradition.,,
Gloria,46,tt2425486,2025-08-10,2025-08-10,,Gloria,https://www.imdb.com/title/tt2425486/,Movie,6.9,110,2013,"Comedy, Drama, Romance",9798,5/9/2013,Sebastián Lelio,,,Gloria (2013),Sebastián Lelio,Chile / Spanish,Female,"Berlin (Best Actress), Goya Award","Middle-aged Woman, Divorcee, Dance Clubs, Self-Discovery",A celebratory yet clear-eyed look at a woman's right to desire.,"Complex Female Narrative: A radiant portrait of a woman ""of a certain age"" authoring her own happiness and sexuality. It's filled with both loneliness (anguish) and joyous resilience.",,Nigeria,Lionheart (2018),"Genevieve Nnaji’s directorial debut—family, gender, and power.",,
The Man Who Sold His Skin,95,tt10360862,2025-08-12,2025-08-12,,Ar-rajul alladi ba'a zahrahu,https://www.imdb.com/title/tt10360862/,Movie,6.9,104,2020,Drama,7582,4/2/2021,Kaouther Ben Hania,,,The Man Who Sold His Skin (2020),Kaouther Ben Hania,"Tunisia / Arabic, French",Male,Oscar Nominee,"Syrian Refugee, Body Art, Schengen Visa, Satire",The female curator/love interest has agency but serves the male arc.,"Limited Alignment: While artistically expressive and politically sharp, the central narrative of bodily autonomy and objectification is primarily from the male perspective.",,Rwanda,Munyurangabo (2007),"Not female-led, but the mother’s anguish is central.",,
Rafiki,19,tt8286894,2025-08-10,2025-08-10,,Rafiki,https://www.imdb.com/title/tt8286894/,Movie,6.8,83,2018,"Drama, Romance",3531,4/19/2019,Wanuri Kahiu,,,Rafiki (2018),Wanuri Kahiu,"Kenya / English, Swahili",Female,Cannes (Official Selection),"Lesbian Romance, Forbidden Love, Political Families, Nairobi",A vibrant story of female desire against homophobic oppression.,Alignment: Explores female sexuality and the anguish of forbidden love. The two young women author their own secret world despite societal pressure.,,Senegal,Mossane (1996),Safi Faye’s lyrical tale of a girl resisting marriage.,,
Bread and Salt,69,tt15062756,2025-08-10,2025-08-10,,Chleb i sól,https://www.imdb.com/title/tt15062756/,Movie,6.8,100,2022,Drama,611,1/27/2023,Damian Kocur,,,Bread and Salt (2023),Damian Kocur,Poland / Polish,Male,Berlin (Silver Bear),"Small Town, Pianist Brothers, Economic Anxiety, Violence",N/A (Primarily male-centric narrative),Limited Alignment: Focuses on male frustration and violence. Not centered on female interiority.,,Seychelles,Kreol (2012),Matriarchal family drama—rare Seychellois cinema.,,
The Sea,80,tt0332381,2025-08-12,2025-08-12,,Hafið,https://www.imdb.com/title/tt0332381/,Movie,6.8,109,2002,"Comedy, Drama",1780,9/13/2002,Baltasar Kormákur,,,The Sea (2002),Baltasar Kormákur,Iceland / Icelandic,Male,Oscar Nominee (Iceland),"Family Saga, Rural Iceland, Feud, Past Secrets",N/A (Primarily male-centric narrative),Limited Alignment: A family drama driven by male conflicts and perspectives.,,Sierra Leone,Black November (2012),Women lead an anti-oil protest—angry and urgent.,,
Killer,89,tt0157124,2025-08-12,2025-08-12,,Tueur à gages,https://www.imdb.com/title/tt0157124/,Movie,6.8,80,1998,"Action, Crime, Thriller, Drama",332,1/6/1999,Darezhan Omirbayev,,,Killer (2012),Darezhan Omirbayev,Kazakhstan / Kazakh,Male,Oscar Nominee (Kazakhstan),"Crime, Dostoevsky Adaptation, Social Alienation",N/A (Primarily male-centric narrative),Limited Alignment: A minimalist crime film focused on a male protagonist's moral descent.,,Somalia,The Gravedigger’s Wife (2021),"A man’s love for his sick wife, but her pain drives the story.",,
Munyurangabo,31,tt1031947,2025-08-10,2025-08-10,,Munyurangabo,https://www.imdb.com/title/tt1031947/,Movie,6.7,97,2007,Drama,850,5/15/2008,Lee Isaac Chung,,,Munyurangabo (2007),Lee Isaac Chung,Rwanda / Kinyarwanda,Male,Cannes (Un Certain Regard),"Hutu/Tutsi, Friendship, Journey, Post-Genocide",N/A (Primarily male-centric narrative),Limited Alignment: A poignant story of male friendship and reconciliation after genocide.,,South Africa,Yesterday (2004),Oscar-nominated; HIV+ mother’s fight for her child.,,
The Lost King,39,tt13421498,2025-08-10,2025-08-10,,The Lost King,https://www.imdb.com/title/tt13421498/,Movie,6.7,108,2022,"Biography, Drama",10141,3/24/2023,Stephen Frears,,,The Lost King (2022),Stephen Frears,UK / English,Female,N/A,"Historical Rediscovery, Amateur Historian, Richard III",About a woman authoring a new historical narrative against academic sexism.,"Alignment: A true story of female authorship and perseverance, exploring the anguish of being dismissed by male institutions.",,Sudan,You Will Die at Twenty (2019),A mother’s grief over a doomed son—existential and beautiful.,,
Clara Sola,48,tt12637442,2025-08-10,2025-08-10,,Clara Sola,https://www.imdb.com/title/tt12637442/,Movie,6.7,106,2021,"Drama, Fantasy",1794,11/26/2021,Nathalie Álvarez Mesén,,,Clara Sola (2021),Nathalie Álvarez Mesén,Costa Rica / Spanish,Female,Cannes (Directors' Fortnight),"Sexual Awakening, Mystical, Repression, Rural Costa Rica",A powerful portrait of a woman's bodily and spiritual liberation.,"High Alignment: A stunning, sensual film about a woman's repressed sexuality and anguish, claiming authorship over her own body and mystical gifts.",,Tanzania,Maangamizi: The Ancient One (2001),Female psychiatrist’s spiritual awakening.,,
Alba,50,tt4572682,2025-08-10,2025-08-10,,Alba,https://www.imdb.com/title/tt4572682/,Movie,6.7,98,2016,"Drama, Family",526,10/28/2016,Ana Cristina Barragán,,,Alba (2016),Ana Cristina Barragán,Ecuador / Spanish,Female,San Sebastian (New Directors),"Adolescence, Shyness, Family Dysfunction, Coming-of-age","A quiet, observant look at a young girl's internal world.","Alignment: Focuses on the complex interiority and emotional depth of a silent, observant adolescent girl.",,Togo,Kado (2022),A woman’s surreal journey after a traumatic loss.,,
The Milk of Sorrow,57,tt1206488,2025-08-10,2025-08-10,,La teta asustada,https://www.imdb.com/title/tt1206488/,Movie,6.7,94,2009,"Drama, Music",7582,2/13/2009,Claudia Llosa,,,The Milk of Sorrow (2009),Claudia Llosa,Peru / Spanish,Female,"Berlin (Golden Bear), Oscar Nominee","Trauma, Inherited Fear, Indigenous Music, Lima",Explores female trauma passed down through generations.,"High Alignment: A unique, magical-realist tale of a woman's anguish rooted in her mother's trauma, and her journey to find her own voice and authorship.",,Tunisia,Beauty and the Dogs (2017),Rape survivor’s night-long ordeal—real-time tension.,,
Daughters of the Dust,12,tt0104057,2025-08-10,2025-08-10,,Daughters of the Dust,https://www.imdb.com/title/tt0104057/,Movie,6.6,113,1991,"Drama, History, Romance",3667,12/27/1991,Julie Dash,,,Daughters of the Dust (1991),Julie Dash,"USA / Gullah, English",Female,"Sundance, NFPA Registry","Gullah Geechee, Matriarchy, Migration, Memory, 1902","A landmark of Black feminist cinema, centered on matriarchal wisdom.","High Alignment: A poetic, non-linear narrative about multiple generations of women on the brink of change. It is the ultimate film of female ancestry, memory, and authorship.",,Uganda,The Girl in the Yellow Jumper (2020),Hostage drama with a female victim’s resilience.,,
La Yuma,54,tt1581322,2025-08-10,2025-08-10,,La Yuma,https://www.imdb.com/title/tt1581322/,Movie,6.6,90,2009,"Action, Drama, Romance, Sport",272,9/29/2010,Florence Jaugey,,,La Yuma (2009),Florence Jaugey,Nicaragua / Spanish,Female,Best Film (Central America),"Female Boxer, Slums, Ambition, Social Mobility",A story of a young woman fighting for a better life.,"Alignment: A gritty, female-centric narrative about a woman authoring her own destiny through physical strength and determination.",,Zambia,I Am Not a Witch (2017),A girl accused of witchcraft—satirical and tragic.,,
Everybody Changes,55,tt10523404,2025-08-10,2025-08-10,,Todos cambiamos,https://www.imdb.com/title/tt10523404/,Movie,6.6,93,2019,Drama,78,8/15/2019,Arturo Montenegro,,,Everybody Changes (2022),Arturo Pérez,Peru / Spanish,Male,N/A,"Family, Trans Child, Father's Journey, Acceptance",N/A (Centers on a father's perspective),"Limited Alignment: While about a trans child, the narrative lens is the father's emotional journey.",,Zimbabwe,Neria (1993),Widow fights patriarchal inheritance laws—iconic.,,
The Heiresses,56,tt7875464,2025-08-10,2025-08-10,,Las herederas,https://www.imdb.com/title/tt7875464/,Movie,6.6,98,2018,Drama,3382,1/16/2019,Marcelo Martinessi,,,The Heiresses (2018),Marcelo Martinessi,Paraguay / Spanish,Female,Berlin (Silver Bear),"Lesbian Romance, Financial Decline, Class, Older Women",A delicate portrait of a late-in-life awakening for a closeted woman.,"High Alignment: A deeply internal film about female desire, class-based anguish, and a woman finding new authorship of her life after a long, confined relationship.",,,,,,
Dôlè,14,tt0270318,2025-08-10,2025-08-10,,Dôlè,https://www.imdb.com/title/tt0270318/,Movie,6.5,79,2000,"Crime, Drama",84,1/10/2001,Imunga Ivanga,,,Dôlè (2000),Imunga Ivanga,Gabon / French,Male,Cannes (Official Selection),"Street Kids, Poverty, Dreams, Gang Violence",N/A (Primarily male-centric narrative),Limited Alignment: A neorealist-style film focused on a group of young boys.,,,,,,
The Headless Woman,44,tt1221141,2025-08-10,2025-08-10,,La mujer sin cabeza,https://www.imdb.com/title/tt1221141/,Movie,6.5,87,2008,"Drama, Mystery, Thriller",6071,8/21/2008,Lucrecia Martel,,,The Headless Woman (2008),Lucrecia Martel,Argentina / Spanish,Female,Cannes (Official Selection),"Upper-Class Guilt, Car Accident, Psychological, Ambiguity",A masterful critique of bourgeois white woman's complicity and privilege.,"High Alignment: A complex, unsettling film about a woman's psychological anguish and moral emptiness. Martel's unique style offers a profound, ambiguous female narrative.",,,,,,
Cocote,59,tt5708028,2025-08-10,2025-08-10,,Cocote,https://www.imdb.com/title/tt5708028/,Movie,6.5,106,2017,Drama,417,2/1/2018,Nelson Carlo de Los Santos Arias,,,Cocote (2017),Nelson Carlo de los Santos Arias,Dominican Republic / Spanish,Male,Locarno (Best Director),"Magical Realism, Mourning, Religion, Class Conflict",N/A (Primarily male-centric narrative),Limited Alignment: An experimental film centered on a male protagonist's return home for his father's funeral.,,,,,,
From Afar,61,tt4721400,2025-08-10,2025-08-10,,Desde Allá,https://www.imdb.com/title/tt4721400/,Movie,6.5,93,2015,"Drama, Romance",4302,9/2/2016,Lorenzo Vigas,,,From Afar (2015),Lorenzo Vigas,Venezuela / Spanish,Male,Venice (Golden Lion),"Gay Romance, Class, Caracas, Father Issues",N/A (Primarily male-centric narrative),"Limited Alignment: A story of male desire, loneliness, and class tension between two men.",,,,,,
The Fisherman's Diary,7,tt13297136,2025-08-10,2025-08-10,,The Fisherman's Diary,https://www.imdb.com/title/tt13297136/,Movie,6.4,143,2020,Drama,789,10/24/2020,Enah Johnscott,,,The Fisherman's Diary (2020),Enah Johnscott,"Cameroon / Pidgin, English",Female,AMAA (Best Young Actor),"Girl's Education, Fishing Village, Determination, Father",A story of a girl fighting for her right to go to school.,"Alignment: A female narrative about a young girl authoring her own future against patriarchal tradition, focusing on education as liberation.",,,,,,
GriGris,9,tt2852394,2025-08-10,2025-08-10,,Grigris,https://www.imdb.com/title/tt2852394/,Movie,6.4,101,2013,Drama,613,7/10/2013,Mahamat-Saleh Haroun,,,GriGris (2013),Mahamat-Saleh Haroun,"Chad / French, Arabic",Male,Cannes (Official Selection),"Dancer, Disability, Crime, Dreams, N'Djamena",N/A (Primarily male-centric narrative),Limited Alignment: A character study of a male dancer with a paralyzed leg who turns to crime.,,,,,,
The Train of Salt and Sugar,27,tt4524676,2025-08-10,2025-08-10,,Comboio de Sal e Açúcar,https://www.imdb.com/title/tt4524676/,Movie,6.4,93,2016,Adventure,199,10/8/2016,Licínio Azevedo,,,The Train of Salt and Sugar (2016),Licínio Azevedo,Mozambique / Portuguese,Ensemble,Venice (Horizons),"Civil War, Train Journey, Survival, Community","Features strong female characters surviving in war, but is an ensemble piece.","Partial Alignment: While an ensemble, it includes powerful narratives of female resilience and anguish during a dangerous journey.",,,,,,
The Gravedigger's Wife,35,tt4440842,2025-08-10,2025-08-10,,Guled & Nasra,https://www.imdb.com/title/tt4440842/,Movie,6.4,82,2021,Drama,861,11/12/2021,Khadar Ayderus Ahmed,,,The Gravedigger's Wife (2021),Khadar Ayderus Ahmed,Somalia / Somali,Male,TIFF (Best Film),"Illness, Love, Poverty, Duty, Husband's Sacrifice",N/A (Centers on a husband's struggle),Limited Alignment: A love story told from the husband's perspective as he tries to save his wife's life.,,,,,,
A Useful Life,85,tt1719497,2025-08-12,2025-08-12,,La vida útil,https://www.imdb.com/title/tt1719497/,Movie,6.4,67,2010,Drama,1081,1/14/2011,Federico Veiroj,,,A Useful Life (2010),Federico Veiroj,Uruguay / Spanish,Male,"Toronto, Gijón","Cinematheque, Midlife Crisis, Cinema's Decline, Quiet",N/A (Primarily male-centric narrative),"Limited Alignment: A charming, low-key character study of a male cinematheque programmer.",,,,,,
Exiled,90,tt4261942,2025-08-12,2025-08-12,,Exiled,https://www.imdb.com/title/tt4261942/,Movie,6.4,100,2016,"Drama, History, War",300,1/21/2016,Davis Simanis Jr.,,,Exiled (2016),Dito Tsintsadze,Georgia / Georgian,Male,N/A,"Political Asylum, Trauma, Germany, Past Secrets",N/A (Primarily male-centric narrative),Limited Alignment: A psychological drama about a male Chechen war refugee.,,,,,,
Destiny,17,tt0118917,2025-08-10,2025-08-10,,Dakan,https://www.imdb.com/title/tt0118917/,Movie,6.3,87,1997,Drama,221,7/7/1999,Muhammad Camara,,,Destiny (1997),Youssef Chahine,Egypt / Arabic,Male,Cannes (50th Anniversary),"Historical Epic, Philosopher, Faith vs. Reason, Al-Andalus",N/A (Primarily male-centric epic),Limited Alignment: A large-scale historical film centered on male philosophers and rulers.,,,,,,
The Girl from Uruguay,60,tt14731294,2025-08-10,2025-08-10,,La uruguaya,https://www.imdb.com/title/tt14731294/,Movie,6.3,78,2022,Drama,753,11/8/2022,Ana García Blaya,,,The Girl from Uruguay (2019),Ana García Blaya,Argentina / Spanish,Female,San Sebastian,"May-December Romance, Self-Discovery, Vacation",A light story of a young woman's romantic exploration.,"Partial Alignment: A female-centric narrative about self-discovery and sexuality, though lighter in tone and emotional depth.",,,,,,
Timi Sanga,66,tt8243058,2025-08-10,2025-08-10,,Timi Sanga,https://www.imdb.com/title/tt8243058/,Movie,6.3,,2018,Romance,30,4/6/2018,Shishir S.J.B. Rana,,,Timi Sanga,N/A,N/A,N/A,N/A,N/A,N/A,N/A,,,,,,
Chilla,68,tt1546379,2025-08-10,2025-08-10,,Chilla,https://www.imdb.com/title/tt1546379/,Movie,6.3,88,2014,Drama,62,5/20/2014,Saodat Ismailova,,,Chilla,N/A,N/A,N/A,N/A,N/A,N/A,N/A,,,,,,
Alsino and the Condor,97,tt0083543,2025-08-12,2025-08-12,,Alsino y el cóndor,https://www.imdb.com/title/tt0083543/,Movie,6.2,89,1982,"Drama, War",395,1982,Miguel Littin,,,Alsino and the Condor (1982),Miguel Littín,Nicaragua / Spanish,Male,Oscar Nominee,"Nicaraguan Revolution, Boy, War, Dreams, Flying",N/A (Primarily male-centric narrative),Limited Alignment: An allegorical war story seen through the eyes of a young boy.,,,,,,
Run,18,tt2375473,2025-08-10,2025-08-10,,Run,https://www.imdb.com/title/tt2375473/,Movie,5.9,100,2014,Drama,167,12/17/2014,Philippe Lacôte,,,Run (2019),Jonathan Helpert,France / French,Female,N/A,"Dystopia, Single Mother, Danger, Survival",A genre film about maternal protection.,"Partial Alignment: Centers on a mother's anguish and fierce protection of her child, though within a genre thriller framework.",,,,,,
"Nzinga, Queen of Angola",2,tt3463004,2025-08-10,2025-08-10,,Njinga Rainha de Angola,https://www.imdb.com/title/tt3463004/,Movie,5.8,109,2013,"Adventure, Biography, Drama, History",144,11/8/2013,Sérgio Graciano,,,"Nzinga, Queen of Angola (2013)",Sérgio Graciano,Angola / Portuguese,Female,N/A,"Historical Epic, Queen, Warrior, Colonial Resistance, 17th C.",A portrait of a powerful female leader and military strategist.,"Alignment: A narrative of female authorship on a historical scale, about a queen fighting for her people's freedom against colonial powers.",,,,,,
Lionheart,30,tt7707314,2025-08-10,2025-08-10,,Lionheart,https://www.imdb.com/title/tt7707314/,Movie,5.7,95,2018,Comedy,1585,1/4/2019,Genevieve Nnaji,,,Lionheart (2018),Genevieve Nnaji,"Nigeria / English, Igbo",Female,"Netflix Original, Disqualified from Oscar","Family Business, Female CEO, Patriarchy, Nigeria",A story of a daughter proving herself in a male-dominated world.,"Alignment: A clear narrative of female authorship as Adaeze fights to lead her father's company, exploring the anguish of patriarchal resistance.",,,,,,
Nowhere to Run,43,tt0107711,2025-08-10,2025-08-10,,Nowhere to Run,https://www.imdb.com/title/tt0107711/,Movie,5.7,94,1993,"Action, Drama, Romance, Thriller",27484,1/15/1993,Robert Harmon,,,Nowhere to Run,N/A,N/A,N/A,N/A,N/A,N/A,N/A,,,,,,
My Heart Goes Boom!,53,tt11238932,2025-08-10,2025-08-10,,Explota Explota,https://www.imdb.com/title/tt11238932/,Movie,5.7,116,2020,"Comedy, Musical, Romance",1254,6/25/2021,Nacho Álvarez,,,My Heart Goes Boom!,N/A,N/A,N/A,N/A,N/A,N/A,N/A,,,,,,
The Girl in the Yellow Jumper,41,tt10954526,2025-08-10,2025-08-10,,The Girl in the Yellow Jumper,https://www.imdb.com/title/tt10954526/,Movie,5.6,81,2020,Thriller,1011,12/26/2021,Loukman Ali,,,The Girl in the Yellow Jumper (2020),Loukman Ali,Uganda / English,Female,Critical acclaim (Uganda),"Kidnapping, Mystery, Survival, Thriller",The plot is driven by the mystery of a missing woman.,"Partial Alignment: The narrative revolves around a woman in peril, but the focus is on the male-led investigation. Limited exploration of female interiority.",,,,,,
The Wedding Ring,29,tt13888054,2025-08-10,2025-08-10,,A Wedding Ring,https://www.imdb.com/title/tt13888054/,TV Movie,5.5,86,2021,Romance,454,6/6/2021,Graeme Campbell,,,The Wedding Ring,N/A,N/A,N/A,N/A,N/A,N/A,N/A,,,,,,
Black November,34,tt2147225,2025-08-10,2025-08-10,,Black November,https://www.imdb.com/title/tt2147225/,Movie,5.3,95,2012,"Action, Crime, Drama, Thriller",757,1/9/2015,Jeta Amata,,,Black November,N/A,N/A,N/A,N/A,N/A,N/A,N/A,,,,,,
Hand of fate,15,tt13071494,2025-08-10,2025-08-10,,Hand of fate,https://www.imdb.com/title/tt13071494/,Movie,5.1,97,2013,Drama,10,9/1/2013,Ibrahim Ceesay,,,Hand of Fate,N/A,N/A,N/A,N/A,N/A,N/A,N/A,,,,,,
La cathédrale,25,tt1042258,2025-08-10,2025-08-10,,La cathédrale,https://www.imdb.com/title/tt1042258/,Movie,5.1,78,2006,Drama,29,6/24/2007,Harrikrisna Anenden,,,La cathédrale,N/A,N/A,N/A,N/A,N/A,N/A,N/A,,,,,,
Nuit du Kompa au Zénith de Paris: Djakout & Kreyol La,33,tt29612557,2025-08-10,2025-08-10,,Nuit du Kompa au Zénith de Paris: Djakout & Kreyol La,https://www.imdb.com/title/tt29612557/,Video,,,2012,Music,0,2012,,,,,,,,,,,,,,,,,